2025-02-06 11:54:16,048 [Worker-2: Loading available Gradle versions] INFO  o.e.b.c.i.u.g.PublishedGradleVersions - Gradle version information cache is not available. Remote download required.
2025-02-06 11:57:08,108 [Worker-3: Import Getting Started Content] INFO  o.e.m.c.i.l.LifecycleMappingFactory - Using org.maven.ide.eclipse.wtp.WarLifecycleMapping lifecycle mapping for MavenProject: klu:jobportal_backend:0.0.1-SNAPSHOT @ C:\Users\K HARSHITHA\Desktop\FSAD_SKILL\jobportal\backend\jobportal_backend\pom.xml.
2025-02-06 11:57:09,788 [Worker-3: Import Getting Started Content] INFO  o.e.m.j.i.AbstractJavaProjectConfigurator - Adding source folder /jobportal_backend/src/main/java
2025-02-06 11:57:09,792 [Worker-3: Import Getting Started Content] INFO  o.e.m.j.i.AbstractJavaProjectConfigurator - Adding resource folder /jobportal_backend/src/main/resources
2025-02-06 11:57:09,815 [Worker-3: Import Getting Started Content] INFO  o.e.m.j.i.AbstractJavaProjectConfigurator - Adding resource folder /jobportal_backend/src/main/resources
2025-02-06 11:57:09,825 [Worker-3: Import Getting Started Content] INFO  o.e.m.j.i.AbstractJavaProjectConfigurator - Adding source folder /jobportal_backend/src/test/java
2025-02-06 11:57:09,827 [Worker-3: Import Getting Started Content] INFO  o.e.m.j.i.AbstractJavaProjectConfigurator - Adding resource folder /jobportal_backend/src/test/resources
2025-02-06 11:57:12,163 [Worker-3: Import Getting Started Content] INFO  o.e.m.c.i.p.ProjectConfigurationManager - Imported and configured 1 project(s) in 6 sec
2025-02-06 11:57:12,166 [Worker-3: Import Getting Started Content] INFO  o.e.m.c.i.p.ProjectConfigurationManager - Update started
2025-02-06 11:57:12,569 [Worker-3: Import Getting Started Content] INFO  o.e.m.c.i.l.LifecycleMappingFactory - Using org.maven.ide.eclipse.wtp.WarLifecycleMapping lifecycle mapping for MavenProject: klu:jobportal_backend:0.0.1-SNAPSHOT @ C:\Users\K HARSHITHA\Desktop\FSAD_SKILL\jobportal\backend\jobportal_backend\pom.xml.
2025-02-06 11:57:13,610 [Worker-3: Import Getting Started Content] INFO  o.e.m.j.i.AbstractJavaProjectConfigurator - Adding source folder /jobportal_backend/src/main/java
2025-02-06 11:57:13,612 [Worker-3: Import Getting Started Content] INFO  o.e.m.j.i.AbstractJavaProjectConfigurator - Adding resource folder /jobportal_backend/src/main/resources
2025-02-06 11:57:13,613 [Worker-3: Import Getting Started Content] INFO  o.e.m.j.i.AbstractJavaProjectConfigurator - Adding resource folder /jobportal_backend/src/main/resources
2025-02-06 11:57:13,613 [Worker-3: Import Getting Started Content] INFO  o.e.m.j.i.AbstractJavaProjectConfigurator - Adding source folder /jobportal_backend/src/test/java
2025-02-06 11:57:13,614 [Worker-3: Import Getting Started Content] INFO  o.e.m.j.i.AbstractJavaProjectConfigurator - Adding resource folder /jobportal_backend/src/test/resources
2025-02-06 11:57:14,472 [Worker-3: Import Getting Started Content] INFO  o.e.m.w.i.f.ResourceFilteringBuildParticipant - Cleaning filtered folder for jobportal_backend
2025-02-06 11:57:14,493 [Worker-3: Import Getting Started Content] INFO  o.e.m.c.i.p.ProjectConfigurationManager - Update completed for 1 poms: local refresh takes 0.00 sec, refresh facades takes 1.00 sec, update config takes 0.00 sec 
2025-02-06 11:57:16,615 [Worker-7: Building] INFO  o.a.m.s.f.DefaultMavenResourcesFiltering - Copying 1 resource from src\main\resources to target\classes
2025-02-06 11:57:16,722 [Worker-7: Building] INFO  o.a.m.s.f.DefaultMavenResourcesFiltering - Copying 0 resource from src\main\resources to target\classes
2025-02-06 11:57:16,734 [Worker-7: Building] INFO  o.a.m.s.f.DefaultMavenResourcesFiltering - skip non existing resourceDirectory C:\Users\K HARSHITHA\Desktop\FSAD_SKILL\jobportal\backend\jobportal_backend\src\test\resources
2025-02-06 11:57:16,735 [Worker-7: Building] INFO  o.e.m.w.i.f.ResourceFilteringBuildParticipant - Changed resources require a complete clean of filtered resources of jobportal_backend
2025-02-06 11:57:16,748 [Worker-7: Building] INFO  o.e.m.w.i.f.ResourceFilteringBuildParticipant - Executing resource filtering for jobportal_backend
2025-02-06 11:58:09,235 [Worker-1: Download sources and javadoc] INFO  o.e.m.j.internal.DownloadSourcesJob - Downloaded sources for org.springframework.boot:spring-boot-starter-data-jpa:3.4.2
2025-02-06 11:58:09,241 [Worker-1: Download sources and javadoc] INFO  o.e.m.j.internal.DownloadSourcesJob - Downloaded javadoc for org.springframework.boot:spring-boot-starter-data-jpa:3.4.2
2025-02-06 11:58:09,256 [Worker-1: Download sources and javadoc] INFO  o.e.m.j.internal.DownloadSourcesJob - Downloaded sources for org.springframework.boot:spring-boot-starter:3.4.2
2025-02-06 11:58:09,260 [Worker-1: Download sources and javadoc] INFO  o.e.m.j.internal.DownloadSourcesJob - Downloaded javadoc for org.springframework.boot:spring-boot-starter:3.4.2
2025-02-06 11:58:09,272 [Worker-1: Download sources and javadoc] INFO  o.e.m.j.internal.DownloadSourcesJob - Downloaded sources for org.springframework.boot:spring-boot-starter-logging:3.4.2
2025-02-06 11:58:09,278 [Worker-1: Download sources and javadoc] INFO  o.e.m.j.internal.DownloadSourcesJob - Downloaded javadoc for org.springframework.boot:spring-boot-starter-logging:3.4.2
2025-02-06 11:58:09,286 [Worker-1: Download sources and javadoc] INFO  o.e.m.j.internal.DownloadSourcesJob - Downloaded sources for ch.qos.logback:logback-classic:1.5.16
2025-02-06 11:58:09,289 [Worker-1: Download sources and javadoc] INFO  o.e.m.j.internal.DownloadSourcesJob - Downloaded javadoc for ch.qos.logback:logback-classic:1.5.16
2025-02-06 11:58:09,297 [Worker-1: Download sources and javadoc] INFO  o.e.m.j.internal.DownloadSourcesJob - Downloaded sources for ch.qos.logback:logback-core:1.5.16
2025-02-06 11:58:09,303 [Worker-1: Download sources and javadoc] INFO  o.e.m.j.internal.DownloadSourcesJob - Downloaded javadoc for ch.qos.logback:logback-core:1.5.16
2025-02-06 11:58:09,313 [Worker-1: Download sources and javadoc] INFO  o.e.m.j.internal.DownloadSourcesJob - Downloaded sources for org.apache.logging.log4j:log4j-to-slf4j:2.24.3
2025-02-06 11:58:09,326 [Worker-1: Download sources and javadoc] INFO  o.e.m.j.internal.DownloadSourcesJob - Downloaded sources for org.apache.logging.log4j:log4j-api:2.24.3
2025-02-06 11:58:09,335 [Worker-1: Download sources and javadoc] INFO  o.e.m.j.internal.DownloadSourcesJob - Downloaded sources for org.slf4j:jul-to-slf4j:2.0.16
2025-02-06 11:58:09,338 [Worker-1: Download sources and javadoc] INFO  o.e.m.j.internal.DownloadSourcesJob - Downloaded javadoc for org.slf4j:jul-to-slf4j:2.0.16
2025-02-06 11:58:09,345 [Worker-1: Download sources and javadoc] INFO  o.e.m.j.internal.DownloadSourcesJob - Downloaded sources for org.yaml:snakeyaml:2.3
2025-02-06 11:58:09,350 [Worker-1: Download sources and javadoc] INFO  o.e.m.j.internal.DownloadSourcesJob - Downloaded javadoc for org.yaml:snakeyaml:2.3
2025-02-06 11:58:09,357 [Worker-1: Download sources and javadoc] INFO  o.e.m.j.internal.DownloadSourcesJob - Downloaded sources for org.springframework.boot:spring-boot-starter-jdbc:3.4.2
2025-02-06 11:58:09,360 [Worker-1: Download sources and javadoc] INFO  o.e.m.j.internal.DownloadSourcesJob - Downloaded javadoc for org.springframework.boot:spring-boot-starter-jdbc:3.4.2
2025-02-06 11:58:09,368 [Worker-1: Download sources and javadoc] INFO  o.e.m.j.internal.DownloadSourcesJob - Downloaded sources for com.zaxxer:HikariCP:5.1.0
2025-02-06 11:58:09,370 [Worker-1: Download sources and javadoc] INFO  o.e.m.j.internal.DownloadSourcesJob - Downloaded javadoc for com.zaxxer:HikariCP:5.1.0
2025-02-06 11:58:09,375 [Worker-1: Download sources and javadoc] INFO  o.e.m.j.internal.DownloadSourcesJob - Downloaded sources for org.springframework:spring-jdbc:6.2.2
2025-02-06 11:58:09,379 [Worker-1: Download sources and javadoc] INFO  o.e.m.j.internal.DownloadSourcesJob - Downloaded javadoc for org.springframework:spring-jdbc:6.2.2
2025-02-06 11:58:09,386 [Worker-1: Download sources and javadoc] INFO  o.e.m.j.internal.DownloadSourcesJob - Downloaded sources for org.hibernate.orm:hibernate-core:6.6.5.Final
2025-02-06 11:58:09,389 [Worker-1: Download sources and javadoc] INFO  o.e.m.j.internal.DownloadSourcesJob - Downloaded javadoc for org.hibernate.orm:hibernate-core:6.6.5.Final
2025-02-06 11:58:09,395 [Worker-1: Download sources and javadoc] INFO  o.e.m.j.internal.DownloadSourcesJob - Downloaded sources for jakarta.persistence:jakarta.persistence-api:3.1.0
2025-02-06 11:58:09,399 [Worker-1: Download sources and javadoc] INFO  o.e.m.j.internal.DownloadSourcesJob - Downloaded javadoc for jakarta.persistence:jakarta.persistence-api:3.1.0
2025-02-06 11:58:09,405 [Worker-1: Download sources and javadoc] INFO  o.e.m.j.internal.DownloadSourcesJob - Downloaded sources for jakarta.transaction:jakarta.transaction-api:2.0.1
2025-02-06 11:58:09,407 [Worker-1: Download sources and javadoc] INFO  o.e.m.j.internal.DownloadSourcesJob - Downloaded javadoc for jakarta.transaction:jakarta.transaction-api:2.0.1
2025-02-06 11:58:09,415 [Worker-1: Download sources and javadoc] INFO  o.e.m.j.internal.DownloadSourcesJob - Downloaded sources for org.jboss.logging:jboss-logging:3.6.1.Final
2025-02-06 11:58:09,419 [Worker-1: Download sources and javadoc] INFO  o.e.m.j.internal.DownloadSourcesJob - Downloaded javadoc for org.jboss.logging:jboss-logging:3.6.1.Final
2025-02-06 11:58:09,424 [Worker-1: Download sources and javadoc] INFO  o.e.m.j.internal.DownloadSourcesJob - Downloaded sources for org.hibernate.common:hibernate-commons-annotations:7.0.3.Final
2025-02-06 11:58:09,427 [Worker-1: Download sources and javadoc] INFO  o.e.m.j.internal.DownloadSourcesJob - Downloaded javadoc for org.hibernate.common:hibernate-commons-annotations:7.0.3.Final
2025-02-06 11:58:09,434 [Worker-1: Download sources and javadoc] INFO  o.e.m.j.internal.DownloadSourcesJob - Downloaded sources for io.smallrye:jandex:3.2.0
2025-02-06 11:58:09,437 [Worker-1: Download sources and javadoc] INFO  o.e.m.j.internal.DownloadSourcesJob - Downloaded javadoc for io.smallrye:jandex:3.2.0
2025-02-06 11:58:09,441 [Worker-1: Download sources and javadoc] INFO  o.e.m.j.internal.DownloadSourcesJob - Downloaded sources for com.fasterxml:classmate:1.7.0
2025-02-06 11:58:09,444 [Worker-1: Download sources and javadoc] INFO  o.e.m.j.internal.DownloadSourcesJob - Downloaded javadoc for com.fasterxml:classmate:1.7.0
2025-02-06 11:58:09,450 [Worker-1: Download sources and javadoc] INFO  o.e.m.j.internal.DownloadSourcesJob - Downloaded sources for net.bytebuddy:byte-buddy:1.15.11
2025-02-06 11:58:09,454 [Worker-1: Download sources and javadoc] INFO  o.e.m.j.internal.DownloadSourcesJob - Downloaded javadoc for net.bytebuddy:byte-buddy:1.15.11
2025-02-06 11:58:09,459 [Worker-1: Download sources and javadoc] INFO  o.e.m.j.internal.DownloadSourcesJob - Downloaded sources for org.glassfish.jaxb:jaxb-runtime:4.0.5
2025-02-06 11:58:09,463 [Worker-1: Download sources and javadoc] INFO  o.e.m.j.internal.DownloadSourcesJob - Downloaded javadoc for org.glassfish.jaxb:jaxb-runtime:4.0.5
2025-02-06 11:58:09,469 [Worker-1: Download sources and javadoc] INFO  o.e.m.j.internal.DownloadSourcesJob - Downloaded sources for org.glassfish.jaxb:jaxb-core:4.0.5
2025-02-06 11:58:09,472 [Worker-1: Download sources and javadoc] INFO  o.e.m.j.internal.DownloadSourcesJob - Downloaded javadoc for org.glassfish.jaxb:jaxb-core:4.0.5
2025-02-06 11:58:09,478 [Worker-1: Download sources and javadoc] INFO  o.e.m.j.internal.DownloadSourcesJob - Downloaded sources for org.glassfish.jaxb:txw2:4.0.5
2025-02-06 11:58:09,482 [Worker-1: Download sources and javadoc] INFO  o.e.m.j.internal.DownloadSourcesJob - Downloaded javadoc for org.glassfish.jaxb:txw2:4.0.5
2025-02-06 11:58:09,487 [Worker-1: Download sources and javadoc] INFO  o.e.m.j.internal.DownloadSourcesJob - Downloaded sources for com.sun.istack:istack-commons-runtime:4.1.2
2025-02-06 11:58:09,489 [Worker-1: Download sources and javadoc] INFO  o.e.m.j.internal.DownloadSourcesJob - Downloaded javadoc for com.sun.istack:istack-commons-runtime:4.1.2
2025-02-06 11:58:09,495 [Worker-1: Download sources and javadoc] INFO  o.e.m.j.internal.DownloadSourcesJob - Downloaded sources for jakarta.inject:jakarta.inject-api:2.0.1
2025-02-06 11:58:09,499 [Worker-1: Download sources and javadoc] INFO  o.e.m.j.internal.DownloadSourcesJob - Downloaded javadoc for jakarta.inject:jakarta.inject-api:2.0.1
2025-02-06 11:58:09,506 [Worker-1: Download sources and javadoc] INFO  o.e.m.j.internal.DownloadSourcesJob - Downloaded sources for org.antlr:antlr4-runtime:4.13.0
2025-02-06 11:58:09,509 [Worker-1: Download sources and javadoc] INFO  o.e.m.j.internal.DownloadSourcesJob - Downloaded javadoc for org.antlr:antlr4-runtime:4.13.0
2025-02-06 11:58:09,515 [Worker-1: Download sources and javadoc] INFO  o.e.m.j.internal.DownloadSourcesJob - Downloaded sources for org.springframework.data:spring-data-jpa:3.4.2
2025-02-06 11:58:09,518 [Worker-1: Download sources and javadoc] INFO  o.e.m.j.internal.DownloadSourcesJob - Downloaded javadoc for org.springframework.data:spring-data-jpa:3.4.2
2025-02-06 11:58:09,523 [Worker-1: Download sources and javadoc] INFO  o.e.m.j.internal.DownloadSourcesJob - Downloaded sources for org.springframework.data:spring-data-commons:3.4.2
2025-02-06 11:58:09,527 [Worker-1: Download sources and javadoc] INFO  o.e.m.j.internal.DownloadSourcesJob - Downloaded javadoc for org.springframework.data:spring-data-commons:3.4.2
2025-02-06 11:58:09,533 [Worker-1: Download sources and javadoc] INFO  o.e.m.j.internal.DownloadSourcesJob - Downloaded sources for org.springframework:spring-orm:6.2.2
2025-02-06 11:58:09,535 [Worker-1: Download sources and javadoc] INFO  o.e.m.j.internal.DownloadSourcesJob - Downloaded javadoc for org.springframework:spring-orm:6.2.2
2025-02-06 11:58:09,540 [Worker-1: Download sources and javadoc] INFO  o.e.m.j.internal.DownloadSourcesJob - Downloaded sources for org.springframework:spring-context:6.2.2
2025-02-06 11:58:09,542 [Worker-1: Download sources and javadoc] INFO  o.e.m.j.internal.DownloadSourcesJob - Downloaded javadoc for org.springframework:spring-context:6.2.2
2025-02-06 11:58:09,549 [Worker-1: Download sources and javadoc] INFO  o.e.m.j.internal.DownloadSourcesJob - Downloaded sources for org.springframework:spring-aop:6.2.2
2025-02-06 11:58:09,552 [Worker-1: Download sources and javadoc] INFO  o.e.m.j.internal.DownloadSourcesJob - Downloaded javadoc for org.springframework:spring-aop:6.2.2
2025-02-06 11:58:09,558 [Worker-1: Download sources and javadoc] INFO  o.e.m.j.internal.DownloadSourcesJob - Downloaded sources for org.springframework:spring-tx:6.2.2
2025-02-06 11:58:09,561 [Worker-1: Download sources and javadoc] INFO  o.e.m.j.internal.DownloadSourcesJob - Downloaded javadoc for org.springframework:spring-tx:6.2.2
2025-02-06 11:58:09,565 [Worker-1: Download sources and javadoc] INFO  o.e.m.j.internal.DownloadSourcesJob - Downloaded sources for org.springframework:spring-beans:6.2.2
2025-02-06 11:58:09,567 [Worker-1: Download sources and javadoc] INFO  o.e.m.j.internal.DownloadSourcesJob - Downloaded javadoc for org.springframework:spring-beans:6.2.2
2025-02-06 11:58:09,571 [Worker-1: Download sources and javadoc] INFO  o.e.m.j.internal.DownloadSourcesJob - Downloaded sources for org.slf4j:slf4j-api:2.0.16
2025-02-06 11:58:09,572 [Worker-1: Download sources and javadoc] INFO  o.e.m.j.internal.DownloadSourcesJob - Downloaded javadoc for org.slf4j:slf4j-api:2.0.16
2025-02-06 11:58:09,576 [Worker-1: Download sources and javadoc] INFO  o.e.m.j.internal.DownloadSourcesJob - Downloaded sources for org.springframework:spring-aspects:6.2.2
2025-02-06 11:58:09,579 [Worker-1: Download sources and javadoc] INFO  o.e.m.j.internal.DownloadSourcesJob - Downloaded javadoc for org.springframework:spring-aspects:6.2.2
2025-02-06 11:58:09,584 [Worker-1: Download sources and javadoc] INFO  o.e.m.j.internal.DownloadSourcesJob - Downloaded sources for org.aspectj:aspectjweaver:1.9.22.1
2025-02-06 11:58:09,586 [Worker-1: Download sources and javadoc] INFO  o.e.m.j.internal.DownloadSourcesJob - Downloaded javadoc for org.aspectj:aspectjweaver:1.9.22.1
2025-02-06 11:58:09,592 [Worker-1: Download sources and javadoc] INFO  o.e.m.j.internal.DownloadSourcesJob - Downloaded sources for org.springframework.boot:spring-boot-starter-mail:3.4.2
2025-02-06 11:58:09,594 [Worker-1: Download sources and javadoc] INFO  o.e.m.j.internal.DownloadSourcesJob - Downloaded javadoc for org.springframework.boot:spring-boot-starter-mail:3.4.2
2025-02-06 11:58:09,599 [Worker-1: Download sources and javadoc] INFO  o.e.m.j.internal.DownloadSourcesJob - Downloaded sources for org.springframework:spring-context-support:6.2.2
2025-02-06 11:58:09,601 [Worker-1: Download sources and javadoc] INFO  o.e.m.j.internal.DownloadSourcesJob - Downloaded javadoc for org.springframework:spring-context-support:6.2.2
2025-02-06 11:58:09,606 [Worker-1: Download sources and javadoc] INFO  o.e.m.j.internal.DownloadSourcesJob - Downloaded sources for org.eclipse.angus:jakarta.mail:2.0.3
2025-02-06 11:58:09,608 [Worker-1: Download sources and javadoc] INFO  o.e.m.j.internal.DownloadSourcesJob - Downloaded javadoc for org.eclipse.angus:jakarta.mail:2.0.3
2025-02-06 11:58:09,613 [Worker-1: Download sources and javadoc] INFO  o.e.m.j.internal.DownloadSourcesJob - Downloaded sources for jakarta.activation:jakarta.activation-api:2.1.3
2025-02-06 11:58:09,615 [Worker-1: Download sources and javadoc] INFO  o.e.m.j.internal.DownloadSourcesJob - Downloaded javadoc for jakarta.activation:jakarta.activation-api:2.1.3
2025-02-06 11:58:09,620 [Worker-1: Download sources and javadoc] INFO  o.e.m.j.internal.DownloadSourcesJob - Downloaded sources for org.eclipse.angus:angus-activation:2.0.2
2025-02-06 11:58:09,621 [Worker-1: Download sources and javadoc] INFO  o.e.m.j.internal.DownloadSourcesJob - Downloaded javadoc for org.eclipse.angus:angus-activation:2.0.2
2025-02-06 11:58:09,625 [Worker-1: Download sources and javadoc] INFO  o.e.m.j.internal.DownloadSourcesJob - Downloaded sources for org.springframework.boot:spring-boot-starter-web:3.4.2
2025-02-06 11:58:09,626 [Worker-1: Download sources and javadoc] INFO  o.e.m.j.internal.DownloadSourcesJob - Downloaded javadoc for org.springframework.boot:spring-boot-starter-web:3.4.2
2025-02-06 11:58:09,632 [Worker-1: Download sources and javadoc] INFO  o.e.m.j.internal.DownloadSourcesJob - Downloaded sources for org.springframework.boot:spring-boot-starter-json:3.4.2
2025-02-06 11:58:09,634 [Worker-1: Download sources and javadoc] INFO  o.e.m.j.internal.DownloadSourcesJob - Downloaded javadoc for org.springframework.boot:spring-boot-starter-json:3.4.2
2025-02-06 11:58:09,638 [Worker-1: Download sources and javadoc] INFO  o.e.m.j.internal.DownloadSourcesJob - Downloaded sources for com.fasterxml.jackson.core:jackson-databind:2.18.2
2025-02-06 11:58:09,639 [Worker-1: Download sources and javadoc] INFO  o.e.m.j.internal.DownloadSourcesJob - Downloaded javadoc for com.fasterxml.jackson.core:jackson-databind:2.18.2
2025-02-06 11:58:09,643 [Worker-1: Download sources and javadoc] INFO  o.e.m.j.internal.DownloadSourcesJob - Downloaded sources for com.fasterxml.jackson.core:jackson-annotations:2.18.2
2025-02-06 11:58:09,645 [Worker-1: Download sources and javadoc] INFO  o.e.m.j.internal.DownloadSourcesJob - Downloaded javadoc for com.fasterxml.jackson.core:jackson-annotations:2.18.2
2025-02-06 11:58:09,652 [Worker-1: Download sources and javadoc] INFO  o.e.m.j.internal.DownloadSourcesJob - Downloaded sources for com.fasterxml.jackson.core:jackson-core:2.18.2
2025-02-06 11:58:09,655 [Worker-1: Download sources and javadoc] INFO  o.e.m.j.internal.DownloadSourcesJob - Downloaded javadoc for com.fasterxml.jackson.core:jackson-core:2.18.2
2025-02-06 11:58:09,662 [Worker-1: Download sources and javadoc] INFO  o.e.m.j.internal.DownloadSourcesJob - Downloaded sources for com.fasterxml.jackson.datatype:jackson-datatype-jdk8:2.18.2
2025-02-06 11:58:09,665 [Worker-1: Download sources and javadoc] INFO  o.e.m.j.internal.DownloadSourcesJob - Downloaded javadoc for com.fasterxml.jackson.datatype:jackson-datatype-jdk8:2.18.2
2025-02-06 11:58:09,670 [Worker-1: Download sources and javadoc] INFO  o.e.m.j.internal.DownloadSourcesJob - Downloaded sources for com.fasterxml.jackson.datatype:jackson-datatype-jsr310:2.18.2
2025-02-06 11:58:09,672 [Worker-1: Download sources and javadoc] INFO  o.e.m.j.internal.DownloadSourcesJob - Downloaded javadoc for com.fasterxml.jackson.datatype:jackson-datatype-jsr310:2.18.2
2025-02-06 11:58:09,677 [Worker-1: Download sources and javadoc] INFO  o.e.m.j.internal.DownloadSourcesJob - Downloaded sources for com.fasterxml.jackson.module:jackson-module-parameter-names:2.18.2
2025-02-06 11:58:09,679 [Worker-1: Download sources and javadoc] INFO  o.e.m.j.internal.DownloadSourcesJob - Downloaded javadoc for com.fasterxml.jackson.module:jackson-module-parameter-names:2.18.2
2025-02-06 11:58:09,685 [Worker-1: Download sources and javadoc] INFO  o.e.m.j.internal.DownloadSourcesJob - Downloaded sources for org.springframework:spring-web:6.2.2
2025-02-06 11:58:09,687 [Worker-1: Download sources and javadoc] INFO  o.e.m.j.internal.DownloadSourcesJob - Downloaded javadoc for org.springframework:spring-web:6.2.2
2025-02-06 11:58:09,691 [Worker-1: Download sources and javadoc] INFO  o.e.m.j.internal.DownloadSourcesJob - Downloaded sources for io.micrometer:micrometer-observation:1.14.3
2025-02-06 11:58:09,693 [Worker-1: Download sources and javadoc] INFO  o.e.m.j.internal.DownloadSourcesJob - Downloaded javadoc for io.micrometer:micrometer-observation:1.14.3
2025-02-06 11:58:09,698 [Worker-1: Download sources and javadoc] INFO  o.e.m.j.internal.DownloadSourcesJob - Downloaded sources for io.micrometer:micrometer-commons:1.14.3
2025-02-06 11:58:09,700 [Worker-1: Download sources and javadoc] INFO  o.e.m.j.internal.DownloadSourcesJob - Downloaded javadoc for io.micrometer:micrometer-commons:1.14.3
2025-02-06 11:58:09,704 [Worker-1: Download sources and javadoc] INFO  o.e.m.j.internal.DownloadSourcesJob - Downloaded sources for org.springframework:spring-webmvc:6.2.2
2025-02-06 11:58:09,706 [Worker-1: Download sources and javadoc] INFO  o.e.m.j.internal.DownloadSourcesJob - Downloaded javadoc for org.springframework:spring-webmvc:6.2.2
2025-02-06 11:58:09,711 [Worker-1: Download sources and javadoc] INFO  o.e.m.j.internal.DownloadSourcesJob - Downloaded sources for org.springframework:spring-expression:6.2.2
2025-02-06 11:58:09,714 [Worker-1: Download sources and javadoc] INFO  o.e.m.j.internal.DownloadSourcesJob - Downloaded javadoc for org.springframework:spring-expression:6.2.2
2025-02-06 11:58:09,720 [Worker-1: Download sources and javadoc] INFO  o.e.m.j.internal.DownloadSourcesJob - Downloaded sources for org.springframework.boot:spring-boot-devtools:3.4.2
2025-02-06 11:58:09,723 [Worker-1: Download sources and javadoc] INFO  o.e.m.j.internal.DownloadSourcesJob - Downloaded javadoc for org.springframework.boot:spring-boot-devtools:3.4.2
2025-02-06 11:58:09,726 [Worker-1: Download sources and javadoc] INFO  o.e.m.j.internal.DownloadSourcesJob - Downloaded sources for org.springframework.boot:spring-boot:3.4.2
2025-02-06 11:58:09,729 [Worker-1: Download sources and javadoc] INFO  o.e.m.j.internal.DownloadSourcesJob - Downloaded javadoc for org.springframework.boot:spring-boot:3.4.2
2025-02-06 11:58:09,733 [Worker-1: Download sources and javadoc] INFO  o.e.m.j.internal.DownloadSourcesJob - Downloaded sources for org.springframework.boot:spring-boot-autoconfigure:3.4.2
2025-02-06 11:58:09,735 [Worker-1: Download sources and javadoc] INFO  o.e.m.j.internal.DownloadSourcesJob - Downloaded javadoc for org.springframework.boot:spring-boot-autoconfigure:3.4.2
2025-02-06 11:58:09,739 [Worker-1: Download sources and javadoc] INFO  o.e.m.j.internal.DownloadSourcesJob - Downloaded sources for com.mysql:mysql-connector-j:9.1.0
2025-02-06 11:58:09,742 [Worker-1: Download sources and javadoc] INFO  o.e.m.j.internal.DownloadSourcesJob - Downloaded javadoc for com.mysql:mysql-connector-j:9.1.0
2025-02-06 11:58:09,748 [Worker-1: Download sources and javadoc] INFO  o.e.m.j.internal.DownloadSourcesJob - Downloaded sources for org.springframework.boot:spring-boot-starter-tomcat:3.4.2
2025-02-06 11:58:09,750 [Worker-1: Download sources and javadoc] INFO  o.e.m.j.internal.DownloadSourcesJob - Downloaded javadoc for org.springframework.boot:spring-boot-starter-tomcat:3.4.2
2025-02-06 11:58:09,755 [Worker-1: Download sources and javadoc] INFO  o.e.m.j.internal.DownloadSourcesJob - Downloaded sources for jakarta.annotation:jakarta.annotation-api:2.1.1
2025-02-06 11:58:09,757 [Worker-1: Download sources and javadoc] INFO  o.e.m.j.internal.DownloadSourcesJob - Downloaded javadoc for jakarta.annotation:jakarta.annotation-api:2.1.1
2025-02-06 11:58:09,764 [Worker-1: Download sources and javadoc] INFO  o.e.m.j.internal.DownloadSourcesJob - Downloaded sources for org.apache.tomcat.embed:tomcat-embed-core:10.1.34
2025-02-06 11:58:09,769 [Worker-1: Download sources and javadoc] INFO  o.e.m.j.internal.DownloadSourcesJob - Downloaded sources for org.apache.tomcat.embed:tomcat-embed-el:10.1.34
2025-02-06 11:58:09,777 [Worker-1: Download sources and javadoc] INFO  o.e.m.j.internal.DownloadSourcesJob - Downloaded sources for org.apache.tomcat.embed:tomcat-embed-websocket:10.1.34
2025-02-06 11:58:09,782 [Worker-1: Download sources and javadoc] INFO  o.e.m.j.internal.DownloadSourcesJob - Downloaded sources for org.springframework.boot:spring-boot-starter-test:3.4.2
2025-02-06 11:58:09,784 [Worker-1: Download sources and javadoc] INFO  o.e.m.j.internal.DownloadSourcesJob - Downloaded javadoc for org.springframework.boot:spring-boot-starter-test:3.4.2
2025-02-06 11:58:09,787 [Worker-1: Download sources and javadoc] INFO  o.e.m.j.internal.DownloadSourcesJob - Downloaded sources for org.springframework.boot:spring-boot-test:3.4.2
2025-02-06 11:58:09,789 [Worker-1: Download sources and javadoc] INFO  o.e.m.j.internal.DownloadSourcesJob - Downloaded javadoc for org.springframework.boot:spring-boot-test:3.4.2
2025-02-06 11:58:09,793 [Worker-1: Download sources and javadoc] INFO  o.e.m.j.internal.DownloadSourcesJob - Downloaded sources for org.springframework.boot:spring-boot-test-autoconfigure:3.4.2
2025-02-06 11:58:09,795 [Worker-1: Download sources and javadoc] INFO  o.e.m.j.internal.DownloadSourcesJob - Downloaded javadoc for org.springframework.boot:spring-boot-test-autoconfigure:3.4.2
2025-02-06 11:58:09,799 [Worker-1: Download sources and javadoc] INFO  o.e.m.j.internal.DownloadSourcesJob - Downloaded sources for com.jayway.jsonpath:json-path:2.9.0
2025-02-06 11:58:09,802 [Worker-1: Download sources and javadoc] INFO  o.e.m.j.internal.DownloadSourcesJob - Downloaded javadoc for com.jayway.jsonpath:json-path:2.9.0
2025-02-06 11:58:09,808 [Worker-1: Download sources and javadoc] INFO  o.e.m.j.internal.DownloadSourcesJob - Downloaded sources for jakarta.xml.bind:jakarta.xml.bind-api:4.0.2
2025-02-06 11:58:09,811 [Worker-1: Download sources and javadoc] INFO  o.e.m.j.internal.DownloadSourcesJob - Downloaded javadoc for jakarta.xml.bind:jakarta.xml.bind-api:4.0.2
2025-02-06 11:58:09,817 [Worker-1: Download sources and javadoc] INFO  o.e.m.j.internal.DownloadSourcesJob - Downloaded sources for net.minidev:json-smart:2.5.1
2025-02-06 11:58:09,819 [Worker-1: Download sources and javadoc] INFO  o.e.m.j.internal.DownloadSourcesJob - Downloaded javadoc for net.minidev:json-smart:2.5.1
2025-02-06 11:58:09,824 [Worker-1: Download sources and javadoc] INFO  o.e.m.j.internal.DownloadSourcesJob - Downloaded sources for net.minidev:accessors-smart:2.5.1
2025-02-06 11:58:09,826 [Worker-1: Download sources and javadoc] INFO  o.e.m.j.internal.DownloadSourcesJob - Downloaded javadoc for net.minidev:accessors-smart:2.5.1
2025-02-06 11:58:09,831 [Worker-1: Download sources and javadoc] INFO  o.e.m.j.internal.DownloadSourcesJob - Downloaded sources for org.ow2.asm:asm:9.6
2025-02-06 11:58:09,833 [Worker-1: Download sources and javadoc] INFO  o.e.m.j.internal.DownloadSourcesJob - Downloaded javadoc for org.ow2.asm:asm:9.6
2025-02-06 11:58:09,839 [Worker-1: Download sources and javadoc] INFO  o.e.m.j.internal.DownloadSourcesJob - Downloaded sources for org.assertj:assertj-core:3.26.3
2025-02-06 11:58:09,841 [Worker-1: Download sources and javadoc] INFO  o.e.m.j.internal.DownloadSourcesJob - Downloaded javadoc for org.assertj:assertj-core:3.26.3
2025-02-06 11:58:09,845 [Worker-1: Download sources and javadoc] INFO  o.e.m.j.internal.DownloadSourcesJob - Downloaded sources for org.awaitility:awaitility:4.2.2
2025-02-06 11:58:09,848 [Worker-1: Download sources and javadoc] INFO  o.e.m.j.internal.DownloadSourcesJob - Downloaded javadoc for org.awaitility:awaitility:4.2.2
2025-02-06 11:58:09,852 [Worker-1: Download sources and javadoc] INFO  o.e.m.j.internal.DownloadSourcesJob - Downloaded sources for org.hamcrest:hamcrest:2.2
2025-02-06 11:58:09,855 [Worker-1: Download sources and javadoc] INFO  o.e.m.j.internal.DownloadSourcesJob - Downloaded javadoc for org.hamcrest:hamcrest:2.2
2025-02-06 11:58:09,860 [Worker-1: Download sources and javadoc] INFO  o.e.m.j.internal.DownloadSourcesJob - Downloaded sources for org.junit.jupiter:junit-jupiter:5.11.4
2025-02-06 11:58:09,862 [Worker-1: Download sources and javadoc] INFO  o.e.m.j.internal.DownloadSourcesJob - Downloaded javadoc for org.junit.jupiter:junit-jupiter:5.11.4
2025-02-06 11:58:09,867 [Worker-1: Download sources and javadoc] INFO  o.e.m.j.internal.DownloadSourcesJob - Downloaded sources for org.junit.jupiter:junit-jupiter-api:5.11.4
2025-02-06 11:58:09,870 [Worker-1: Download sources and javadoc] INFO  o.e.m.j.internal.DownloadSourcesJob - Downloaded javadoc for org.junit.jupiter:junit-jupiter-api:5.11.4
2025-02-06 11:58:09,875 [Worker-1: Download sources and javadoc] INFO  o.e.m.j.internal.DownloadSourcesJob - Downloaded sources for org.opentest4j:opentest4j:1.3.0
2025-02-06 11:58:09,877 [Worker-1: Download sources and javadoc] INFO  o.e.m.j.internal.DownloadSourcesJob - Downloaded javadoc for org.opentest4j:opentest4j:1.3.0
2025-02-06 11:58:09,883 [Worker-1: Download sources and javadoc] INFO  o.e.m.j.internal.DownloadSourcesJob - Downloaded sources for org.junit.platform:junit-platform-commons:1.11.4
2025-02-06 11:58:09,885 [Worker-1: Download sources and javadoc] INFO  o.e.m.j.internal.DownloadSourcesJob - Downloaded javadoc for org.junit.platform:junit-platform-commons:1.11.4
2025-02-06 11:58:09,891 [Worker-1: Download sources and javadoc] INFO  o.e.m.j.internal.DownloadSourcesJob - Downloaded sources for org.apiguardian:apiguardian-api:1.1.2
2025-02-06 11:58:09,893 [Worker-1: Download sources and javadoc] INFO  o.e.m.j.internal.DownloadSourcesJob - Downloaded javadoc for org.apiguardian:apiguardian-api:1.1.2
2025-02-06 11:58:09,899 [Worker-1: Download sources and javadoc] INFO  o.e.m.j.internal.DownloadSourcesJob - Downloaded sources for org.junit.jupiter:junit-jupiter-params:5.11.4
2025-02-06 11:58:09,901 [Worker-1: Download sources and javadoc] INFO  o.e.m.j.internal.DownloadSourcesJob - Downloaded javadoc for org.junit.jupiter:junit-jupiter-params:5.11.4
2025-02-06 11:58:09,906 [Worker-1: Download sources and javadoc] INFO  o.e.m.j.internal.DownloadSourcesJob - Downloaded sources for org.junit.jupiter:junit-jupiter-engine:5.11.4
2025-02-06 11:58:09,908 [Worker-1: Download sources and javadoc] INFO  o.e.m.j.internal.DownloadSourcesJob - Downloaded javadoc for org.junit.jupiter:junit-jupiter-engine:5.11.4
2025-02-06 11:58:09,912 [Worker-1: Download sources and javadoc] INFO  o.e.m.j.internal.DownloadSourcesJob - Downloaded sources for org.junit.platform:junit-platform-engine:1.11.4
2025-02-06 11:58:09,914 [Worker-1: Download sources and javadoc] INFO  o.e.m.j.internal.DownloadSourcesJob - Downloaded javadoc for org.junit.platform:junit-platform-engine:1.11.4
2025-02-06 11:58:09,919 [Worker-1: Download sources and javadoc] INFO  o.e.m.j.internal.DownloadSourcesJob - Downloaded sources for org.mockito:mockito-core:5.14.2
2025-02-06 11:58:09,921 [Worker-1: Download sources and javadoc] INFO  o.e.m.j.internal.DownloadSourcesJob - Downloaded javadoc for org.mockito:mockito-core:5.14.2
2025-02-06 11:58:09,924 [Worker-1: Download sources and javadoc] INFO  o.e.m.j.internal.DownloadSourcesJob - Downloaded sources for net.bytebuddy:byte-buddy-agent:1.15.11
2025-02-06 11:58:09,926 [Worker-1: Download sources and javadoc] INFO  o.e.m.j.internal.DownloadSourcesJob - Downloaded javadoc for net.bytebuddy:byte-buddy-agent:1.15.11
2025-02-06 11:58:09,931 [Worker-1: Download sources and javadoc] INFO  o.e.m.j.internal.DownloadSourcesJob - Downloaded sources for org.objenesis:objenesis:3.3
2025-02-06 11:58:09,933 [Worker-1: Download sources and javadoc] INFO  o.e.m.j.internal.DownloadSourcesJob - Downloaded javadoc for org.objenesis:objenesis:3.3
2025-02-06 11:58:09,937 [Worker-1: Download sources and javadoc] INFO  o.e.m.j.internal.DownloadSourcesJob - Downloaded sources for org.mockito:mockito-junit-jupiter:5.14.2
2025-02-06 11:58:09,940 [Worker-1: Download sources and javadoc] INFO  o.e.m.j.internal.DownloadSourcesJob - Downloaded javadoc for org.mockito:mockito-junit-jupiter:5.14.2
2025-02-06 11:58:09,944 [Worker-1: Download sources and javadoc] INFO  o.e.m.j.internal.DownloadSourcesJob - Downloaded sources for org.skyscreamer:jsonassert:1.5.3
2025-02-06 11:58:09,945 [Worker-1: Download sources and javadoc] INFO  o.e.m.j.internal.DownloadSourcesJob - Downloaded javadoc for org.skyscreamer:jsonassert:1.5.3
2025-02-06 11:58:09,949 [Worker-1: Download sources and javadoc] INFO  o.e.m.j.internal.DownloadSourcesJob - Downloaded sources for com.vaadin.external.google:android-json:0.0.20131108.vaadin1
2025-02-06 11:58:09,953 [Worker-1: Download sources and javadoc] INFO  o.e.m.j.internal.DownloadSourcesJob - Downloaded javadoc for com.vaadin.external.google:android-json:0.0.20131108.vaadin1
2025-02-06 11:58:09,957 [Worker-1: Download sources and javadoc] INFO  o.e.m.j.internal.DownloadSourcesJob - Downloaded sources for org.springframework:spring-core:6.2.2
2025-02-06 11:58:09,960 [Worker-1: Download sources and javadoc] INFO  o.e.m.j.internal.DownloadSourcesJob - Downloaded javadoc for org.springframework:spring-core:6.2.2
2025-02-06 11:58:09,965 [Worker-1: Download sources and javadoc] INFO  o.e.m.j.internal.DownloadSourcesJob - Downloaded sources for org.springframework:spring-jcl:6.2.2
2025-02-06 11:58:09,967 [Worker-1: Download sources and javadoc] INFO  o.e.m.j.internal.DownloadSourcesJob - Downloaded javadoc for org.springframework:spring-jcl:6.2.2
2025-02-06 11:58:09,971 [Worker-1: Download sources and javadoc] INFO  o.e.m.j.internal.DownloadSourcesJob - Downloaded sources for org.springframework:spring-test:6.2.2
2025-02-06 11:58:09,973 [Worker-1: Download sources and javadoc] INFO  o.e.m.j.internal.DownloadSourcesJob - Downloaded javadoc for org.springframework:spring-test:6.2.2
2025-02-06 11:58:09,977 [Worker-1: Download sources and javadoc] INFO  o.e.m.j.internal.DownloadSourcesJob - Downloaded sources for org.xmlunit:xmlunit-core:2.10.0
2025-02-06 11:58:09,980 [Worker-1: Download sources and javadoc] INFO  o.e.m.j.internal.DownloadSourcesJob - Downloaded javadoc for org.xmlunit:xmlunit-core:2.10.0
2025-02-06 11:59:13,571 [Worker-2: Building] INFO  o.e.m.c.i.l.LifecycleMappingFactory - Using org.maven.ide.eclipse.wtp.WarLifecycleMapping lifecycle mapping for MavenProject: klu:jobportal_backend:0.0.1-SNAPSHOT @ C:\Users\K HARSHITHA\Desktop\FSAD_SKILL\jobportal\backend\jobportal_backend\pom.xml.
2025-02-06 11:59:14,853 [Worker-2: Building] INFO  o.a.m.s.f.DefaultMavenResourcesFiltering - Copying 0 resource from src\main\resources to target\classes
2025-02-06 11:59:14,854 [Worker-2: Building] INFO  o.a.m.s.f.DefaultMavenResourcesFiltering - Copying 0 resource from src\main\resources to target\classes
2025-02-06 11:59:14,860 [Worker-2: Building] INFO  o.a.m.s.f.DefaultMavenResourcesFiltering - skip non existing resourceDirectory C:\Users\K HARSHITHA\Desktop\FSAD_SKILL\jobportal\backend\jobportal_backend\src\test\resources
2025-02-06 11:59:14,860 [Worker-2: Building] INFO  o.e.m.w.i.f.ResourceFilteringBuildParticipant - Changed resources require a complete clean of filtered resources of jobportal_backend
2025-02-06 11:59:14,860 [Worker-2: Building] INFO  o.e.m.w.i.f.ResourceFilteringBuildParticipant - Executing resource filtering for jobportal_backend
2025-02-06 11:59:16,186 [Worker-6: Building] INFO  o.a.m.s.f.DefaultMavenResourcesFiltering - Copying 1 resource from src\main\resources to target\classes
2025-02-06 11:59:16,225 [Worker-6: Building] INFO  o.a.m.s.f.DefaultMavenResourcesFiltering - Copying 0 resource from src\main\resources to target\classes
2025-02-06 11:59:16,228 [Worker-6: Building] INFO  o.a.m.s.f.DefaultMavenResourcesFiltering - skip non existing resourceDirectory C:\Users\K HARSHITHA\Desktop\FSAD_SKILL\jobportal\backend\jobportal_backend\src\test\resources
2025-02-06 11:59:21,521 [Worker-2: Updating Maven Project] INFO  o.e.m.c.i.p.ProjectConfigurationManager - Update started
2025-02-06 11:59:21,859 [Worker-2: Updating Maven Project] INFO  o.e.m.c.i.l.LifecycleMappingFactory - Using org.maven.ide.eclipse.wtp.WarLifecycleMapping lifecycle mapping for MavenProject: klu:jobportal_backend:0.0.1-SNAPSHOT @ C:\Users\K HARSHITHA\Desktop\FSAD_SKILL\jobportal\backend\jobportal_backend\pom.xml.
2025-02-06 11:59:22,543 [Worker-2: Updating Maven Project] INFO  o.e.m.j.i.AbstractJavaProjectConfigurator - Adding source folder /jobportal_backend/src/main/java
2025-02-06 11:59:22,544 [Worker-2: Updating Maven Project] INFO  o.e.m.j.i.AbstractJavaProjectConfigurator - Adding resource folder /jobportal_backend/src/main/resources
2025-02-06 11:59:22,544 [Worker-2: Updating Maven Project] INFO  o.e.m.j.i.AbstractJavaProjectConfigurator - Adding resource folder /jobportal_backend/src/main/resources
2025-02-06 11:59:22,545 [Worker-2: Updating Maven Project] INFO  o.e.m.j.i.AbstractJavaProjectConfigurator - Adding source folder /jobportal_backend/src/test/java
2025-02-06 11:59:22,545 [Worker-2: Updating Maven Project] INFO  o.e.m.j.i.AbstractJavaProjectConfigurator - Adding resource folder /jobportal_backend/src/test/resources
2025-02-06 11:59:23,439 [Worker-2: Updating Maven Project] INFO  o.e.m.w.i.f.ResourceFilteringBuildParticipant - Cleaning filtered folder for jobportal_backend
2025-02-06 11:59:23,482 [Worker-2: Updating Maven Project] INFO  o.e.m.c.i.p.ProjectConfigurationManager - Update completed for 1 poms: local refresh takes 0.00 sec, refresh facades takes 0.00 sec, update config takes 0.00 sec 
2025-02-06 11:59:23,977 [Worker-11: Building] INFO  o.a.m.s.f.DefaultMavenResourcesFiltering - Copying 1 resource from src\main\resources to target\classes
2025-02-06 11:59:24,006 [Worker-11: Building] INFO  o.a.m.s.f.DefaultMavenResourcesFiltering - Copying 0 resource from src\main\resources to target\classes
2025-02-06 11:59:24,011 [Worker-11: Building] INFO  o.a.m.s.f.DefaultMavenResourcesFiltering - skip non existing resourceDirectory C:\Users\K HARSHITHA\Desktop\FSAD_SKILL\jobportal\backend\jobportal_backend\src\test\resources
2025-02-06 11:59:24,012 [Worker-11: Building] INFO  o.e.m.w.i.f.ResourceFilteringBuildParticipant - Changed resources require a complete clean of filtered resources of jobportal_backend
2025-02-06 11:59:24,012 [Worker-11: Building] INFO  o.e.m.w.i.f.ResourceFilteringBuildParticipant - Executing resource filtering for jobportal_backend
2025-02-06 12:03:59,101 [Worker-9: Building] INFO  o.a.m.s.f.DefaultMavenResourcesFiltering - Copying 1 resource from src\main\resources to target\classes
2025-02-06 12:03:59,114 [Worker-9: Building] INFO  o.a.m.s.f.DefaultMavenResourcesFiltering - Copying 0 resource from src\main\resources to target\classes
2025-02-06 12:03:59,121 [Worker-9: Building] INFO  o.a.m.s.f.DefaultMavenResourcesFiltering - skip non existing resourceDirectory C:\Users\K HARSHITHA\Desktop\FSAD_SKILL\jobportal\backend\jobportal_backend\src\test\resources
2025-02-06 12:14:49,890 [Start Help Server] INFO  org.eclipse.jetty.server.Server - jetty-12.0.15; built: 2024-11-05T19:44:57.623Z; git: 8281ae9740d4b4225e8166cc476bad237c70213a; jvm 21.0.5+11-LTS
2025-02-06 12:14:49,987 [Start Help Server] INFO  o.e.j.server.handler.ContextHandler - Started oeje8n.ContextHandler$CoreContextHandler@14a452dd{/help,/help,b=null,a=AVAILABLE,h=oeje8n.ContextHandler$CoreContextHandler$CoreToNestedHandler@332e74c4{STARTED}}
2025-02-06 12:14:49,988 [Start Help Server] INFO  o.e.j.s.DefaultSessionIdManager - Session workerName=node0
2025-02-06 12:14:50,028 [Start Help Server] INFO  o.e.jetty.server.AbstractConnector - Started ServerConnector@77533dcc{HTTP/1.1, (http/1.1)}{127.0.0.1:57909}
2025-02-06 12:14:50,038 [Start Help Server] INFO  org.eclipse.jetty.server.Server - Started oejs.Server@68ba41c4{STARTING}[12.0.15,sto=0] @1253616ms
2025-02-06 12:23:18,860 [Worker-16: Building] INFO  o.a.m.s.f.DefaultMavenResourcesFiltering - Copying 1 resource from src\main\resources to target\classes
2025-02-06 12:23:18,872 [Worker-16: Building] INFO  o.a.m.s.f.DefaultMavenResourcesFiltering - Copying 0 resource from src\main\resources to target\classes
2025-02-06 12:23:18,875 [Worker-16: Building] INFO  o.a.m.s.f.DefaultMavenResourcesFiltering - skip non existing resourceDirectory C:\Users\K HARSHITHA\Desktop\FSAD_SKILL\jobportal\backend\jobportal_backend\src\test\resources
2025-02-06 12:32:46,235 [Worker-16: Building] INFO  o.a.m.s.f.DefaultMavenResourcesFiltering - Copying 1 resource from src\main\resources to target\classes
2025-02-06 12:32:46,249 [Worker-16: Building] INFO  o.a.m.s.f.DefaultMavenResourcesFiltering - Copying 0 resource from src\main\resources to target\classes
2025-02-06 12:32:46,255 [Worker-16: Building] INFO  o.a.m.s.f.DefaultMavenResourcesFiltering - skip non existing resourceDirectory C:\Users\K HARSHITHA\Desktop\FSAD_SKILL\jobportal\backend\jobportal_backend\src\test\resources
2025-02-06 12:39:11,008 [Worker-4: Building] INFO  o.a.m.s.f.DefaultMavenResourcesFiltering - Copying 1 resource from src\main\resources to target\classes
2025-02-06 12:39:11,017 [Worker-4: Building] INFO  o.a.m.s.f.DefaultMavenResourcesFiltering - Copying 0 resource from src\main\resources to target\classes
2025-02-06 12:39:11,021 [Worker-4: Building] INFO  o.a.m.s.f.DefaultMavenResourcesFiltering - skip non existing resourceDirectory C:\Users\K HARSHITHA\Desktop\FSAD_SKILL\jobportal\backend\jobportal_backend\src\test\resources
2025-02-06 12:39:44,535 [Worker-6: Building] INFO  o.a.m.s.f.DefaultMavenResourcesFiltering - Copying 1 resource from src\main\resources to target\classes
2025-02-06 12:39:44,543 [Worker-6: Building] INFO  o.a.m.s.f.DefaultMavenResourcesFiltering - Copying 0 resource from src\main\resources to target\classes
2025-02-06 12:39:44,547 [Worker-6: Building] INFO  o.a.m.s.f.DefaultMavenResourcesFiltering - skip non existing resourceDirectory C:\Users\K HARSHITHA\Desktop\FSAD_SKILL\jobportal\backend\jobportal_backend\src\test\resources
2025-02-06 12:39:56,127 [Worker-6: Building] INFO  o.a.m.s.f.DefaultMavenResourcesFiltering - Copying 1 resource from src\main\resources to target\classes
2025-02-06 12:39:56,134 [Worker-6: Building] INFO  o.a.m.s.f.DefaultMavenResourcesFiltering - Copying 0 resource from src\main\resources to target\classes
2025-02-06 12:39:56,137 [Worker-6: Building] INFO  o.a.m.s.f.DefaultMavenResourcesFiltering - skip non existing resourceDirectory C:\Users\K HARSHITHA\Desktop\FSAD_SKILL\jobportal\backend\jobportal_backend\src\test\resources
2025-02-06 12:40:14,950 [Worker-4: Building] INFO  o.a.m.s.f.DefaultMavenResourcesFiltering - Copying 1 resource from src\main\resources to target\classes
2025-02-06 12:40:14,958 [Worker-4: Building] INFO  o.a.m.s.f.DefaultMavenResourcesFiltering - Copying 0 resource from src\main\resources to target\classes
2025-02-06 12:40:14,961 [Worker-4: Building] INFO  o.a.m.s.f.DefaultMavenResourcesFiltering - skip non existing resourceDirectory C:\Users\K HARSHITHA\Desktop\FSAD_SKILL\jobportal\backend\jobportal_backend\src\test\resources
2025-02-06 12:40:35,697 [Worker-15: Building] INFO  o.a.m.s.f.DefaultMavenResourcesFiltering - Copying 1 resource from src\main\resources to target\classes
2025-02-06 12:40:35,702 [Worker-15: Building] INFO  o.a.m.s.f.DefaultMavenResourcesFiltering - Copying 0 resource from src\main\resources to target\classes
2025-02-06 12:40:35,706 [Worker-15: Building] INFO  o.a.m.s.f.DefaultMavenResourcesFiltering - skip non existing resourceDirectory C:\Users\K HARSHITHA\Desktop\FSAD_SKILL\jobportal\backend\jobportal_backend\src\test\resources
2025-02-06 12:40:58,304 [Worker-15: Building] INFO  o.a.m.s.f.DefaultMavenResourcesFiltering - Copying 1 resource from src\main\resources to target\classes
2025-02-06 12:40:58,312 [Worker-15: Building] INFO  o.a.m.s.f.DefaultMavenResourcesFiltering - Copying 0 resource from src\main\resources to target\classes
2025-02-06 12:40:58,317 [Worker-15: Building] INFO  o.a.m.s.f.DefaultMavenResourcesFiltering - skip non existing resourceDirectory C:\Users\K HARSHITHA\Desktop\FSAD_SKILL\jobportal\backend\jobportal_backend\src\test\resources
2025-02-06 12:41:23,142 [Worker-17: Building] INFO  o.a.m.s.f.DefaultMavenResourcesFiltering - Copying 1 resource from src\main\resources to target\classes
2025-02-06 12:41:23,151 [Worker-17: Building] INFO  o.a.m.s.f.DefaultMavenResourcesFiltering - Copying 0 resource from src\main\resources to target\classes
2025-02-06 12:41:23,153 [Worker-17: Building] INFO  o.a.m.s.f.DefaultMavenResourcesFiltering - skip non existing resourceDirectory C:\Users\K HARSHITHA\Desktop\FSAD_SKILL\jobportal\backend\jobportal_backend\src\test\resources
2025-02-06 12:41:30,999 [Worker-15: Building] INFO  o.a.m.s.f.DefaultMavenResourcesFiltering - Copying 1 resource from src\main\resources to target\classes
2025-02-06 12:41:31,008 [Worker-15: Building] INFO  o.a.m.s.f.DefaultMavenResourcesFiltering - Copying 0 resource from src\main\resources to target\classes
2025-02-06 12:41:31,010 [Worker-15: Building] INFO  o.a.m.s.f.DefaultMavenResourcesFiltering - skip non existing resourceDirectory C:\Users\K HARSHITHA\Desktop\FSAD_SKILL\jobportal\backend\jobportal_backend\src\test\resources
2025-02-06 12:45:27,283 [Worker-17: Building] INFO  o.a.m.s.f.DefaultMavenResourcesFiltering - Copying 1 resource from src\main\resources to target\classes
2025-02-06 12:45:27,373 [Worker-17: Building] INFO  o.a.m.s.f.DefaultMavenResourcesFiltering - Copying 0 resource from src\main\resources to target\classes
2025-02-06 12:45:27,381 [Worker-17: Building] INFO  o.a.m.s.f.DefaultMavenResourcesFiltering - skip non existing resourceDirectory C:\Users\K HARSHITHA\Desktop\FSAD_SKILL\jobportal\backend\jobportal_backend\src\test\resources
2025-02-06 12:54:47,359 [Worker-6: Building] INFO  o.a.m.s.f.DefaultMavenResourcesFiltering - Copying 1 resource from src\main\resources to target\classes
2025-02-06 12:54:47,366 [Worker-6: Building] INFO  o.a.m.s.f.DefaultMavenResourcesFiltering - Copying 0 resource from src\main\resources to target\classes
2025-02-06 12:54:47,368 [Worker-6: Building] INFO  o.a.m.s.f.DefaultMavenResourcesFiltering - skip non existing resourceDirectory C:\Users\K HARSHITHA\Desktop\FSAD_SKILL\jobportal\backend\jobportal_backend\src\test\resources
2025-02-06 12:55:53,400 [Worker-6: Building] INFO  o.a.m.s.f.DefaultMavenResourcesFiltering - Copying 1 resource from src\main\resources to target\classes
2025-02-06 12:55:53,416 [Worker-6: Building] INFO  o.a.m.s.f.DefaultMavenResourcesFiltering - Copying 0 resource from src\main\resources to target\classes
2025-02-06 12:55:53,420 [Worker-6: Building] INFO  o.a.m.s.f.DefaultMavenResourcesFiltering - skip non existing resourceDirectory C:\Users\K HARSHITHA\Desktop\FSAD_SKILL\jobportal\backend\jobportal_backend\src\test\resources
2025-02-06 12:55:55,192 [Stop Help Server] INFO  org.eclipse.jetty.server.Server - Stopped oejs.Server@68ba41c4{STOPPING}[12.0.15,sto=0]
2025-02-06 12:55:55,200 [Stop Help Server] INFO  o.e.jetty.server.AbstractConnector - Stopped ServerConnector@77533dcc{HTTP/1.1, (http/1.1)}{127.0.0.1:0}
2025-02-07 09:30:01,148 [Worker-5: Loading available Gradle versions] INFO  o.e.b.c.i.u.g.PublishedGradleVersions - Gradle version information cache is up-to-date. Trying to read.
2025-02-07 09:30:37,944 [Start Help Server] INFO  org.eclipse.jetty.server.Server - jetty-12.0.15; built: 2024-11-05T19:44:57.623Z; git: 8281ae9740d4b4225e8166cc476bad237c70213a; jvm 21.0.5+11-LTS
2025-02-07 09:30:38,046 [Start Help Server] INFO  o.e.j.server.handler.ContextHandler - Started oeje8n.ContextHandler$CoreContextHandler@6942f89c{/help,/help,b=null,a=AVAILABLE,h=oeje8n.ContextHandler$CoreContextHandler$CoreToNestedHandler@14bc6cdb{STARTED}}
2025-02-07 09:30:38,048 [Start Help Server] INFO  o.e.j.s.DefaultSessionIdManager - Session workerName=node0
2025-02-07 09:30:38,144 [Start Help Server] INFO  o.e.jetty.server.AbstractConnector - Started ServerConnector@331d62e1{HTTP/1.1, (http/1.1)}{127.0.0.1:55832}
2025-02-07 09:30:38,232 [Start Help Server] INFO  org.eclipse.jetty.server.Server - Started oejs.Server@6f2f9997{STARTING}[12.0.15,sto=0] @63086ms
2025-02-07 09:32:42,434 [Worker-12: Building] INFO  o.a.m.s.f.DefaultMavenResourcesFiltering - Copying 1 resource from src\main\resources to target\classes
2025-02-07 09:32:42,456 [Worker-12: Building] INFO  o.a.m.s.f.DefaultMavenResourcesFiltering - Copying 0 resource from src\main\resources to target\classes
2025-02-07 09:32:42,468 [Worker-12: Building] INFO  o.a.m.s.f.DefaultMavenResourcesFiltering - skip non existing resourceDirectory C:\Users\K HARSHITHA\Desktop\FSAD_SKILL\jobportal\backend\jobportal_backend\src\test\resources
2025-02-07 09:33:41,005 [Worker-17: Building] INFO  o.a.m.s.f.DefaultMavenResourcesFiltering - Copying 1 resource from src\main\resources to target\classes
2025-02-07 09:33:41,012 [Worker-17: Building] INFO  o.a.m.s.f.DefaultMavenResourcesFiltering - Copying 0 resource from src\main\resources to target\classes
2025-02-07 09:33:41,015 [Worker-17: Building] INFO  o.a.m.s.f.DefaultMavenResourcesFiltering - skip non existing resourceDirectory C:\Users\K HARSHITHA\Desktop\FSAD_SKILL\jobportal\backend\jobportal_backend\src\test\resources
2025-02-07 09:37:51,571 [Worker-16: Building] INFO  o.a.m.s.f.DefaultMavenResourcesFiltering - Copying 1 resource from src\main\resources to target\classes
2025-02-07 09:37:51,580 [Worker-16: Building] INFO  o.a.m.s.f.DefaultMavenResourcesFiltering - Copying 0 resource from src\main\resources to target\classes
2025-02-07 09:37:51,585 [Worker-16: Building] INFO  o.a.m.s.f.DefaultMavenResourcesFiltering - skip non existing resourceDirectory C:\Users\K HARSHITHA\Desktop\FSAD_SKILL\jobportal\backend\jobportal_backend\src\test\resources
2025-02-07 09:38:11,551 [Worker-18: Building] INFO  o.a.m.s.f.DefaultMavenResourcesFiltering - Copying 1 resource from src\main\resources to target\classes
2025-02-07 09:38:11,559 [Worker-18: Building] INFO  o.a.m.s.f.DefaultMavenResourcesFiltering - Copying 0 resource from src\main\resources to target\classes
2025-02-07 09:38:11,563 [Worker-18: Building] INFO  o.a.m.s.f.DefaultMavenResourcesFiltering - skip non existing resourceDirectory C:\Users\K HARSHITHA\Desktop\FSAD_SKILL\jobportal\backend\jobportal_backend\src\test\resources
2025-02-07 09:38:14,510 [Worker-18: Building] INFO  o.a.m.s.f.DefaultMavenResourcesFiltering - Copying 1 resource from src\main\resources to target\classes
2025-02-07 09:38:14,518 [Worker-18: Building] INFO  o.a.m.s.f.DefaultMavenResourcesFiltering - Copying 0 resource from src\main\resources to target\classes
2025-02-07 09:38:14,524 [Worker-18: Building] INFO  o.a.m.s.f.DefaultMavenResourcesFiltering - skip non existing resourceDirectory C:\Users\K HARSHITHA\Desktop\FSAD_SKILL\jobportal\backend\jobportal_backend\src\test\resources
2025-02-07 09:43:12,411 [Worker-14: Building] INFO  o.a.m.s.f.DefaultMavenResourcesFiltering - Copying 1 resource from src\main\resources to target\classes
2025-02-07 09:43:12,419 [Worker-14: Building] INFO  o.a.m.s.f.DefaultMavenResourcesFiltering - Copying 0 resource from src\main\resources to target\classes
2025-02-07 09:43:12,422 [Worker-14: Building] INFO  o.a.m.s.f.DefaultMavenResourcesFiltering - skip non existing resourceDirectory C:\Users\K HARSHITHA\Desktop\FSAD_SKILL\jobportal\backend\jobportal_backend\src\test\resources
2025-02-07 09:43:18,412 [Worker-18: Building] INFO  o.a.m.s.f.DefaultMavenResourcesFiltering - Copying 1 resource from src\main\resources to target\classes
2025-02-07 09:43:18,423 [Worker-18: Building] INFO  o.a.m.s.f.DefaultMavenResourcesFiltering - Copying 0 resource from src\main\resources to target\classes
2025-02-07 09:43:18,428 [Worker-18: Building] INFO  o.a.m.s.f.DefaultMavenResourcesFiltering - skip non existing resourceDirectory C:\Users\K HARSHITHA\Desktop\FSAD_SKILL\jobportal\backend\jobportal_backend\src\test\resources
2025-02-07 09:45:56,843 [Worker-5: Building] INFO  o.a.m.s.f.DefaultMavenResourcesFiltering - Copying 1 resource from src\main\resources to target\classes
2025-02-07 09:45:56,849 [Worker-5: Building] INFO  o.a.m.s.f.DefaultMavenResourcesFiltering - Copying 0 resource from src\main\resources to target\classes
2025-02-07 09:45:56,853 [Worker-5: Building] INFO  o.a.m.s.f.DefaultMavenResourcesFiltering - skip non existing resourceDirectory C:\Users\K HARSHITHA\Desktop\FSAD_SKILL\jobportal\backend\jobportal_backend\src\test\resources
2025-02-07 10:04:31,154 [Worker-21: Building] INFO  o.a.m.s.f.DefaultMavenResourcesFiltering - Copying 1 resource from src\main\resources to target\classes
2025-02-07 10:04:31,166 [Worker-21: Building] INFO  o.a.m.s.f.DefaultMavenResourcesFiltering - Copying 0 resource from src\main\resources to target\classes
2025-02-07 10:04:31,170 [Worker-21: Building] INFO  o.a.m.s.f.DefaultMavenResourcesFiltering - skip non existing resourceDirectory C:\Users\K HARSHITHA\Desktop\FSAD_SKILL\jobportal\backend\jobportal_backend\src\test\resources
2025-02-07 11:02:15,829 [Stop Help Server] INFO  org.eclipse.jetty.server.Server - Stopped oejs.Server@6f2f9997{STOPPING}[12.0.15,sto=0]
2025-02-07 11:02:15,841 [Stop Help Server] INFO  o.e.jetty.server.AbstractConnector - Stopped ServerConnector@331d62e1{HTTP/1.1, (http/1.1)}{127.0.0.1:0}
2025-03-18 09:44:07,987 [Worker-11: Loading available Gradle versions] INFO  o.e.b.c.i.u.g.PublishedGradleVersions - Gradle version information cache is out-of-date. Trying to update.
2025-03-18 09:46:56,389 [Worker-18: Building] INFO  o.a.m.s.f.DefaultMavenResourcesFiltering - Copying 1 resource from src\main\resources to target\classes
2025-03-18 09:46:56,405 [Worker-18: Building] INFO  o.a.m.s.f.DefaultMavenResourcesFiltering - Copying 0 resource from src\main\resources to target\classes
2025-03-18 09:46:56,409 [Worker-18: Building] INFO  o.a.m.s.f.DefaultMavenResourcesFiltering - skip non existing resourceDirectory C:\Users\K HARSHITHA\Desktop\FSAD_SKILL\jobportal\backend\jobportal_backend\src\test\resources
2025-03-18 09:47:43,402 [Worker-18: Building] INFO  o.e.m.c.i.l.LifecycleMappingFactory - Using org.maven.ide.eclipse.wtp.WarLifecycleMapping lifecycle mapping for MavenProject: klu:jobportal_backend:0.0.1-SNAPSHOT @ C:\Users\K HARSHITHA\Desktop\FSAD_SKILL\jobportal\backend\jobportal_backend\pom.xml.
2025-03-18 09:47:44,362 [Worker-18: Building] INFO  o.a.m.s.f.DefaultMavenResourcesFiltering - Copying 1 resource from src\main\resources to target\classes
2025-03-18 09:47:44,381 [Worker-18: Building] INFO  o.a.m.s.f.DefaultMavenResourcesFiltering - Copying 0 resource from src\main\resources to target\classes
2025-03-18 09:47:44,388 [Worker-18: Building] INFO  o.a.m.s.f.DefaultMavenResourcesFiltering - skip non existing resourceDirectory C:\Users\K HARSHITHA\Desktop\FSAD_SKILL\jobportal\backend\jobportal_backend\src\test\resources
2025-03-18 10:45:25,802 [Worker-30: Building] INFO  o.e.m.c.i.l.LifecycleMappingFactory - Using org.maven.ide.eclipse.wtp.WarLifecycleMapping lifecycle mapping for MavenProject: klu:jobportal_backend:0.0.1-SNAPSHOT @ C:\Users\K HARSHITHA\Desktop\FSAD_SKILL\jobportal\backend\jobportal_backend\pom.xml.
2025-03-18 10:45:26,539 [Worker-30: Building] INFO  o.e.m.c.i.e.AbstractTransferListenerAdapter - Downloading https://repo.maven.apache.org/maven2/io/jsonwebtoken/jjwt-api/0.11.5/jjwt-api-0.11.5.pom
2025-03-18 10:45:26,572 [Worker-30: Building] INFO  o.e.m.c.i.e.AbstractTransferListenerAdapter - Downloaded https://repo.maven.apache.org/maven2/io/jsonwebtoken/jjwt-api/0.11.5/jjwt-api-0.11.5.pom
2025-03-18 10:45:26,660 [Worker-30: Building] INFO  o.e.m.c.i.e.AbstractTransferListenerAdapter - Downloading https://repo.maven.apache.org/maven2/io/jsonwebtoken/jjwt-root/0.11.5/jjwt-root-0.11.5.pom
2025-03-18 10:45:26,722 [Worker-30: Building] INFO  o.e.m.c.i.e.AbstractTransferListenerAdapter - Downloaded https://repo.maven.apache.org/maven2/io/jsonwebtoken/jjwt-root/0.11.5/jjwt-root-0.11.5.pom
2025-03-18 10:45:26,764 [Worker-30: Building] INFO  o.e.m.c.i.e.AbstractTransferListenerAdapter - Downloading https://repo.maven.apache.org/maven2/io/jsonwebtoken/jjwt-impl/0.11.5/jjwt-impl-0.11.5.pom
2025-03-18 10:45:26,775 [Worker-30: Building] INFO  o.e.m.c.i.e.AbstractTransferListenerAdapter - Downloaded https://repo.maven.apache.org/maven2/io/jsonwebtoken/jjwt-impl/0.11.5/jjwt-impl-0.11.5.pom
2025-03-18 10:45:26,817 [Worker-30: Building] INFO  o.e.m.c.i.e.AbstractTransferListenerAdapter - Downloading https://repo.maven.apache.org/maven2/io/jsonwebtoken/jjwt-jackson/0.11.5/jjwt-jackson-0.11.5.pom
2025-03-18 10:45:26,824 [Worker-30: Building] INFO  o.e.m.c.i.e.AbstractTransferListenerAdapter - Downloaded https://repo.maven.apache.org/maven2/io/jsonwebtoken/jjwt-jackson/0.11.5/jjwt-jackson-0.11.5.pom
2025-03-18 10:45:26,980 [Worker-30: Building] INFO  o.e.m.c.i.e.AbstractTransferListenerAdapter - Downloading https://repo.maven.apache.org/maven2/io/jsonwebtoken/jjwt-api/0.11.5/jjwt-api-0.11.5.jar
2025-03-18 10:45:27,028 [Worker-30: Building] INFO  o.e.m.c.i.e.AbstractTransferListenerAdapter - Downloaded https://repo.maven.apache.org/maven2/io/jsonwebtoken/jjwt-api/0.11.5/jjwt-api-0.11.5.jar
2025-03-18 10:45:27,060 [BasicRepositoryConnector-repo.maven.apache.org-0-1] INFO  o.e.m.c.i.e.AbstractTransferListenerAdapter - Downloading https://repo.maven.apache.org/maven2/io/jsonwebtoken/jjwt-jackson/0.11.5/jjwt-jackson-0.11.5.jar
2025-03-18 10:45:27,070 [BasicRepositoryConnector-repo.maven.apache.org-0-1] INFO  o.e.m.c.i.e.AbstractTransferListenerAdapter - Downloaded https://repo.maven.apache.org/maven2/io/jsonwebtoken/jjwt-jackson/0.11.5/jjwt-jackson-0.11.5.jar
2025-03-18 10:45:27,179 [BasicRepositoryConnector-repo.maven.apache.org-0-0] INFO  o.e.m.c.i.e.AbstractTransferListenerAdapter - Downloading https://repo.maven.apache.org/maven2/io/jsonwebtoken/jjwt-impl/0.11.5/jjwt-impl-0.11.5.jar
2025-03-18 10:45:27,229 [BasicRepositoryConnector-repo.maven.apache.org-0-0] INFO  o.e.m.c.i.e.AbstractTransferListenerAdapter - Downloaded https://repo.maven.apache.org/maven2/io/jsonwebtoken/jjwt-impl/0.11.5/jjwt-impl-0.11.5.jar
2025-03-18 10:45:27,781 [Worker-30: Building] INFO  o.a.m.s.f.DefaultMavenResourcesFiltering - Copying 0 resource from src\main\resources to target\classes
2025-03-18 10:45:27,782 [Worker-30: Building] INFO  o.a.m.s.f.DefaultMavenResourcesFiltering - Copying 0 resource from src\main\resources to target\classes
2025-03-18 10:45:27,789 [Worker-30: Building] INFO  o.a.m.s.f.DefaultMavenResourcesFiltering - skip non existing resourceDirectory C:\Users\K HARSHITHA\Desktop\FSAD_SKILL\jobportal\backend\jobportal_backend\src\test\resources
2025-03-18 10:45:27,793 [Worker-30: Building] INFO  o.e.m.w.i.f.ResourceFilteringBuildParticipant - Changed resources require a complete clean of filtered resources of jobportal_backend
2025-03-18 10:45:27,794 [Worker-30: Building] INFO  o.e.m.w.i.f.ResourceFilteringBuildParticipant - Executing resource filtering for jobportal_backend
2025-03-18 10:45:28,804 [Worker-42: Download sources and javadoc] INFO  o.e.m.c.i.e.AbstractTransferListenerAdapter - Downloading https://repo.maven.apache.org/maven2/io/jsonwebtoken/jjwt-api/0.11.5/jjwt-api-0.11.5-sources.jar
2025-03-18 10:45:28,865 [Worker-42: Download sources and javadoc] INFO  o.e.m.c.i.e.AbstractTransferListenerAdapter - Downloaded https://repo.maven.apache.org/maven2/io/jsonwebtoken/jjwt-api/0.11.5/jjwt-api-0.11.5-sources.jar
2025-03-18 10:45:28,877 [Worker-42: Download sources and javadoc] INFO  o.e.m.j.internal.DownloadSourcesJob - Downloaded sources for io.jsonwebtoken:jjwt-api:0.11.5
2025-03-18 10:45:28,915 [Worker-42: Download sources and javadoc] INFO  o.e.m.c.i.e.AbstractTransferListenerAdapter - Downloading https://repo.maven.apache.org/maven2/io/jsonwebtoken/jjwt-api/0.11.5/jjwt-api-0.11.5-javadoc.jar
2025-03-18 10:45:29,017 [Worker-42: Download sources and javadoc] INFO  o.e.m.c.i.e.AbstractTransferListenerAdapter - Downloaded https://repo.maven.apache.org/maven2/io/jsonwebtoken/jjwt-api/0.11.5/jjwt-api-0.11.5-javadoc.jar
2025-03-18 10:45:29,026 [Worker-42: Download sources and javadoc] INFO  o.e.m.j.internal.DownloadSourcesJob - Downloaded javadoc for io.jsonwebtoken:jjwt-api:0.11.5
2025-03-18 10:45:29,163 [Worker-42: Download sources and javadoc] INFO  o.e.m.c.i.e.AbstractTransferListenerAdapter - Downloading https://repo.maven.apache.org/maven2/io/jsonwebtoken/jjwt-impl/0.11.5/jjwt-impl-0.11.5-sources.jar
2025-03-18 10:45:29,188 [Worker-40: Building] INFO  o.a.m.s.f.DefaultMavenResourcesFiltering - Copying 1 resource from src\main\resources to target\classes
2025-03-18 10:45:29,198 [Worker-42: Download sources and javadoc] INFO  o.e.m.c.i.e.AbstractTransferListenerAdapter - Downloaded https://repo.maven.apache.org/maven2/io/jsonwebtoken/jjwt-impl/0.11.5/jjwt-impl-0.11.5-sources.jar
2025-03-18 10:45:29,205 [Worker-42: Download sources and javadoc] INFO  o.e.m.j.internal.DownloadSourcesJob - Downloaded sources for io.jsonwebtoken:jjwt-impl:0.11.5
2025-03-18 10:45:29,256 [Worker-42: Download sources and javadoc] INFO  o.e.m.c.i.e.AbstractTransferListenerAdapter - Downloading https://repo.maven.apache.org/maven2/io/jsonwebtoken/jjwt-impl/0.11.5/jjwt-impl-0.11.5-javadoc.jar
2025-03-18 10:45:29,257 [Worker-40: Building] INFO  o.a.m.s.f.DefaultMavenResourcesFiltering - Copying 0 resource from src\main\resources to target\classes
2025-03-18 10:45:29,268 [Worker-40: Building] INFO  o.a.m.s.f.DefaultMavenResourcesFiltering - skip non existing resourceDirectory C:\Users\K HARSHITHA\Desktop\FSAD_SKILL\jobportal\backend\jobportal_backend\src\test\resources
2025-03-18 10:45:29,697 [Worker-42: Download sources and javadoc] INFO  o.e.m.c.i.e.AbstractTransferListenerAdapter - Downloaded https://repo.maven.apache.org/maven2/io/jsonwebtoken/jjwt-impl/0.11.5/jjwt-impl-0.11.5-javadoc.jar
2025-03-18 10:45:29,706 [Worker-42: Download sources and javadoc] INFO  o.e.m.j.internal.DownloadSourcesJob - Downloaded javadoc for io.jsonwebtoken:jjwt-impl:0.11.5
2025-03-18 10:45:29,816 [Worker-42: Download sources and javadoc] INFO  o.e.m.c.i.e.AbstractTransferListenerAdapter - Downloading https://repo.maven.apache.org/maven2/io/jsonwebtoken/jjwt-jackson/0.11.5/jjwt-jackson-0.11.5-sources.jar
2025-03-18 10:45:29,824 [Worker-42: Download sources and javadoc] INFO  o.e.m.c.i.e.AbstractTransferListenerAdapter - Downloaded https://repo.maven.apache.org/maven2/io/jsonwebtoken/jjwt-jackson/0.11.5/jjwt-jackson-0.11.5-sources.jar
2025-03-18 10:45:29,830 [Worker-42: Download sources and javadoc] INFO  o.e.m.j.internal.DownloadSourcesJob - Downloaded sources for io.jsonwebtoken:jjwt-jackson:0.11.5
2025-03-18 10:45:29,863 [Worker-42: Download sources and javadoc] INFO  o.e.m.c.i.e.AbstractTransferListenerAdapter - Downloading https://repo.maven.apache.org/maven2/io/jsonwebtoken/jjwt-jackson/0.11.5/jjwt-jackson-0.11.5-javadoc.jar
2025-03-18 10:45:29,899 [Worker-42: Download sources and javadoc] INFO  o.e.m.c.i.e.AbstractTransferListenerAdapter - Downloaded https://repo.maven.apache.org/maven2/io/jsonwebtoken/jjwt-jackson/0.11.5/jjwt-jackson-0.11.5-javadoc.jar
2025-03-18 10:45:29,907 [Worker-42: Download sources and javadoc] INFO  o.e.m.j.internal.DownloadSourcesJob - Downloaded javadoc for io.jsonwebtoken:jjwt-jackson:0.11.5
2025-03-18 12:32:36,739 [Worker-54: Launching jobportal_backend - JobportalBackendApplication] INFO  o.a.m.s.f.DefaultMavenResourcesFiltering - Copying 1 resource from src\main\resources to target\classes
2025-03-18 12:32:36,749 [Worker-54: Launching jobportal_backend - JobportalBackendApplication] INFO  o.a.m.s.f.DefaultMavenResourcesFiltering - Copying 0 resource from src\main\resources to target\classes
2025-03-18 12:32:36,756 [Worker-54: Launching jobportal_backend - JobportalBackendApplication] INFO  o.a.m.s.f.DefaultMavenResourcesFiltering - skip non existing resourceDirectory C:\Users\K HARSHITHA\Desktop\FSAD_SKILL\jobportal\backend\jobportal_backend\src\test\resources
2025-03-18 20:15:03,433 [Worker-7: Loading available Gradle versions] INFO  o.e.b.c.i.u.g.PublishedGradleVersions - Gradle version information cache is up-to-date. Trying to read.
2025-03-18 20:17:59,177 [Worker-13: Building] INFO  o.a.m.s.f.DefaultMavenResourcesFiltering - Copying 1 resource from src\main\resources to target\classes
2025-03-18 20:17:59,189 [Worker-13: Building] INFO  o.a.m.s.f.DefaultMavenResourcesFiltering - Copying 0 resource from src\main\resources to target\classes
2025-03-18 20:17:59,193 [Worker-13: Building] INFO  o.a.m.s.f.DefaultMavenResourcesFiltering - skip non existing resourceDirectory C:\Users\K HARSHITHA\Desktop\FSAD_SKILL\jobportal\backend\jobportal_backend\src\test\resources
2025-03-18 20:24:41,831 [Start Help Server] INFO  org.eclipse.jetty.server.Server - jetty-12.0.15; built: 2024-11-05T19:44:57.623Z; git: 8281ae9740d4b4225e8166cc476bad237c70213a; jvm 21.0.5+11-LTS
2025-03-18 20:24:41,896 [Start Help Server] INFO  o.e.j.server.handler.ContextHandler - Started oeje8n.ContextHandler$CoreContextHandler@5de63cf3{/help,/help,b=null,a=AVAILABLE,h=oeje8n.ContextHandler$CoreContextHandler$CoreToNestedHandler@431863a7{STARTED}}
2025-03-18 20:24:41,896 [Start Help Server] INFO  o.e.j.s.DefaultSessionIdManager - Session workerName=node0
2025-03-18 20:24:41,928 [Start Help Server] INFO  o.e.jetty.server.AbstractConnector - Started ServerConnector@d7b6ce9{HTTP/1.1, (http/1.1)}{127.0.0.1:64455}
2025-03-18 20:24:41,946 [Start Help Server] INFO  org.eclipse.jetty.server.Server - Started oejs.Server@778236dd{STARTING}[12.0.15,sto=0] @596215ms
2025-03-18 20:30:33,514 [Worker-4: Launching jobportal_backend - JobportalBackendApplication] INFO  o.a.m.s.f.DefaultMavenResourcesFiltering - Copying 1 resource from src\main\resources to target\classes
2025-03-18 20:30:33,526 [Worker-4: Launching jobportal_backend - JobportalBackendApplication] INFO  o.a.m.s.f.DefaultMavenResourcesFiltering - Copying 0 resource from src\main\resources to target\classes
2025-03-18 20:30:33,529 [Worker-4: Launching jobportal_backend - JobportalBackendApplication] INFO  o.a.m.s.f.DefaultMavenResourcesFiltering - skip non existing resourceDirectory C:\Users\K HARSHITHA\Desktop\FSAD_SKILL\jobportal\backend\jobportal_backend\src\test\resources
2025-03-18 20:52:25,116 [Worker-8: Building] INFO  o.e.m.c.i.l.LifecycleMappingFactory - Using org.maven.ide.eclipse.wtp.WarLifecycleMapping lifecycle mapping for MavenProject: klu:jobportal_backend:0.0.1-SNAPSHOT @ C:\Users\K HARSHITHA\Desktop\FSAD_SKILL\jobportal\backend\jobportal_backend\pom.xml.
2025-03-18 20:52:26,011 [Worker-8: Building] INFO  o.a.m.s.f.DefaultMavenResourcesFiltering - Copying 0 resource from src\main\resources to target\classes
2025-03-18 20:52:26,013 [Worker-8: Building] INFO  o.a.m.s.f.DefaultMavenResourcesFiltering - Copying 0 resource from src\main\resources to target\classes
2025-03-18 20:52:26,020 [Worker-8: Building] INFO  o.a.m.s.f.DefaultMavenResourcesFiltering - skip non existing resourceDirectory C:\Users\K HARSHITHA\Desktop\FSAD_SKILL\jobportal\backend\jobportal_backend\src\test\resources
2025-03-18 20:52:26,022 [Worker-8: Building] INFO  o.e.m.w.i.f.ResourceFilteringBuildParticipant - Changed resources require a complete clean of filtered resources of jobportal_backend
2025-03-18 20:52:26,024 [Worker-8: Building] INFO  o.e.m.w.i.f.ResourceFilteringBuildParticipant - Executing resource filtering for jobportal_backend
2025-03-18 20:52:27,291 [Worker-8: Building] INFO  o.a.m.s.f.DefaultMavenResourcesFiltering - Copying 1 resource from src\main\resources to target\classes
2025-03-18 20:52:27,318 [Worker-8: Building] INFO  o.a.m.s.f.DefaultMavenResourcesFiltering - Copying 0 resource from src\main\resources to target\classes
2025-03-18 20:52:27,320 [Worker-8: Building] INFO  o.a.m.s.f.DefaultMavenResourcesFiltering - skip non existing resourceDirectory C:\Users\K HARSHITHA\Desktop\FSAD_SKILL\jobportal\backend\jobportal_backend\src\test\resources
2025-03-18 20:54:07,259 [Worker-19: Building] INFO  o.a.m.s.f.DefaultMavenResourcesFiltering - Copying 1 resource from src\main\resources to target\classes
2025-03-18 20:54:07,264 [Worker-19: Building] INFO  o.a.m.s.f.DefaultMavenResourcesFiltering - Copying 0 resource from src\main\resources to target\classes
2025-03-18 20:54:07,267 [Worker-19: Building] INFO  o.a.m.s.f.DefaultMavenResourcesFiltering - skip non existing resourceDirectory C:\Users\K HARSHITHA\Desktop\FSAD_SKILL\jobportal\backend\jobportal_backend\src\test\resources
2025-03-18 20:55:53,653 [Worker-18: Building] INFO  o.a.m.s.f.DefaultMavenResourcesFiltering - Copying 1 resource from src\main\resources to target\classes
2025-03-18 20:55:53,658 [Worker-18: Building] INFO  o.a.m.s.f.DefaultMavenResourcesFiltering - Copying 0 resource from src\main\resources to target\classes
2025-03-18 20:55:53,662 [Worker-18: Building] INFO  o.a.m.s.f.DefaultMavenResourcesFiltering - skip non existing resourceDirectory C:\Users\K HARSHITHA\Desktop\FSAD_SKILL\jobportal\backend\jobportal_backend\src\test\resources
2025-03-18 20:55:54,951 [Stop Help Server] INFO  org.eclipse.jetty.server.Server - Stopped oejs.Server@778236dd{STOPPING}[12.0.15,sto=0]
2025-03-18 20:55:54,971 [Stop Help Server] INFO  o.e.jetty.server.AbstractConnector - Stopped ServerConnector@d7b6ce9{HTTP/1.1, (http/1.1)}{127.0.0.1:0}
2025-03-19 11:10:28,318 [Worker-1: Loading available Gradle versions] INFO  o.e.b.c.i.u.g.PublishedGradleVersions - Gradle version information cache is out-of-date. Trying to update.
2025-03-19 12:43:54,465 [Worker-22: Building] INFO  o.a.m.s.f.DefaultMavenResourcesFiltering - Copying 1 resource from src\main\resources to target\classes
2025-03-19 12:43:54,640 [Worker-22: Building] INFO  o.a.m.s.f.DefaultMavenResourcesFiltering - Copying 0 resource from src\main\resources to target\classes
2025-03-19 12:43:54,662 [Worker-22: Building] INFO  o.a.m.s.f.DefaultMavenResourcesFiltering - skip non existing resourceDirectory C:\Users\K HARSHITHA\Desktop\FSAD_SKILL\jobportal\backend\jobportal_backend\src\test\resources
2025-03-19 18:01:30,822 [Worker-5: Loading available Gradle versions] INFO  o.e.b.c.i.u.g.PublishedGradleVersions - Gradle version information cache is up-to-date. Trying to read.
2025-03-19 18:02:08,391 [Worker-6: Building] INFO  o.a.m.s.f.DefaultMavenResourcesFiltering - Copying 1 resource from src\main\resources to target\classes
2025-03-19 18:02:08,418 [Worker-6: Building] INFO  o.a.m.s.f.DefaultMavenResourcesFiltering - Copying 0 resource from src\main\resources to target\classes
2025-03-19 18:02:08,431 [Worker-6: Building] INFO  o.a.m.s.f.DefaultMavenResourcesFiltering - skip non existing resourceDirectory C:\Users\K HARSHITHA\Desktop\FSAD_SKILL\jobportal\backend\jobportal_backend\src\test\resources
2025-03-19 18:02:15,350 [Start Help Server] INFO  org.eclipse.jetty.server.Server - jetty-12.0.15; built: 2024-11-05T19:44:57.623Z; git: 8281ae9740d4b4225e8166cc476bad237c70213a; jvm 21.0.5+11-LTS
2025-03-19 18:02:15,423 [Start Help Server] INFO  o.e.j.server.handler.ContextHandler - Started oeje8n.ContextHandler$CoreContextHandler@3ed5165d{/help,/help,b=null,a=AVAILABLE,h=oeje8n.ContextHandler$CoreContextHandler$CoreToNestedHandler@36a5afb8{STARTED}}
2025-03-19 18:02:15,423 [Start Help Server] INFO  o.e.j.s.DefaultSessionIdManager - Session workerName=node0
2025-03-19 18:02:15,460 [Start Help Server] INFO  o.e.jetty.server.AbstractConnector - Started ServerConnector@4b9b3a4d{HTTP/1.1, (http/1.1)}{127.0.0.1:62473}
2025-03-19 18:02:15,482 [Start Help Server] INFO  org.eclipse.jetty.server.Server - Started oejs.Server@7311e572{STARTING}[12.0.15,sto=0] @63068ms
2025-03-19 18:34:58,720 [Worker-1: Launching jobportal_backend - JobportalBackendApplication] INFO  o.a.m.s.f.DefaultMavenResourcesFiltering - Copying 1 resource from src\main\resources to target\classes
2025-03-19 18:34:58,737 [Worker-1: Launching jobportal_backend - JobportalBackendApplication] INFO  o.a.m.s.f.DefaultMavenResourcesFiltering - Copying 0 resource from src\main\resources to target\classes
2025-03-19 18:34:58,741 [Worker-1: Launching jobportal_backend - JobportalBackendApplication] INFO  o.a.m.s.f.DefaultMavenResourcesFiltering - skip non existing resourceDirectory C:\Users\K HARSHITHA\Desktop\FSAD_SKILL\jobportal\backend\jobportal_backend\src\test\resources
2025-03-19 18:40:04,776 [Worker-2: Building] INFO  o.a.m.s.f.DefaultMavenResourcesFiltering - Copying 1 resource from src\main\resources to target\classes
2025-03-19 18:40:04,796 [Worker-2: Building] INFO  o.a.m.s.f.DefaultMavenResourcesFiltering - Copying 0 resource from src\main\resources to target\classes
2025-03-19 18:40:04,802 [Worker-2: Building] INFO  o.a.m.s.f.DefaultMavenResourcesFiltering - skip non existing resourceDirectory C:\Users\K HARSHITHA\Desktop\FSAD_SKILL\jobportal\backend\jobportal_backend\src\test\resources
2025-03-19 18:46:32,355 [Worker-4: Launching jobportal_backend - JobportalBackendApplication] INFO  o.a.m.s.f.DefaultMavenResourcesFiltering - Copying 1 resource from src\main\resources to target\classes
2025-03-19 18:46:32,363 [Worker-4: Launching jobportal_backend - JobportalBackendApplication] INFO  o.a.m.s.f.DefaultMavenResourcesFiltering - Copying 0 resource from src\main\resources to target\classes
2025-03-19 18:46:32,368 [Worker-4: Launching jobportal_backend - JobportalBackendApplication] INFO  o.a.m.s.f.DefaultMavenResourcesFiltering - skip non existing resourceDirectory C:\Users\K HARSHITHA\Desktop\FSAD_SKILL\jobportal\backend\jobportal_backend\src\test\resources
2025-03-19 18:46:57,466 [Worker-21: Launching jobportal_backend - JobportalBackendApplication] INFO  o.a.m.s.f.DefaultMavenResourcesFiltering - Copying 1 resource from src\main\resources to target\classes
2025-03-19 18:46:57,474 [Worker-21: Launching jobportal_backend - JobportalBackendApplication] INFO  o.a.m.s.f.DefaultMavenResourcesFiltering - Copying 0 resource from src\main\resources to target\classes
2025-03-19 18:46:57,478 [Worker-21: Launching jobportal_backend - JobportalBackendApplication] INFO  o.a.m.s.f.DefaultMavenResourcesFiltering - skip non existing resourceDirectory C:\Users\K HARSHITHA\Desktop\FSAD_SKILL\jobportal\backend\jobportal_backend\src\test\resources
2025-03-19 18:48:26,618 [Worker-21: Building] INFO  o.a.m.s.f.DefaultMavenResourcesFiltering - Copying 1 resource from src\main\resources to target\classes
2025-03-19 18:48:26,625 [Worker-21: Building] INFO  o.a.m.s.f.DefaultMavenResourcesFiltering - Copying 0 resource from src\main\resources to target\classes
2025-03-19 18:48:26,628 [Worker-21: Building] INFO  o.a.m.s.f.DefaultMavenResourcesFiltering - skip non existing resourceDirectory C:\Users\K HARSHITHA\Desktop\FSAD_SKILL\jobportal\backend\jobportal_backend\src\test\resources
2025-03-19 18:48:47,550 [Worker-25: Building] INFO  o.a.m.s.f.DefaultMavenResourcesFiltering - Copying 1 resource from src\main\resources to target\classes
2025-03-19 18:48:47,557 [Worker-25: Building] INFO  o.a.m.s.f.DefaultMavenResourcesFiltering - Copying 0 resource from src\main\resources to target\classes
2025-03-19 18:48:47,560 [Worker-25: Building] INFO  o.a.m.s.f.DefaultMavenResourcesFiltering - skip non existing resourceDirectory C:\Users\K HARSHITHA\Desktop\FSAD_SKILL\jobportal\backend\jobportal_backend\src\test\resources
2025-03-19 18:50:35,371 [Stop Help Server] INFO  org.eclipse.jetty.server.Server - Stopped oejs.Server@7311e572{STOPPING}[12.0.15,sto=0]
2025-03-19 18:50:35,379 [Stop Help Server] INFO  o.e.jetty.server.AbstractConnector - Stopped ServerConnector@4b9b3a4d{HTTP/1.1, (http/1.1)}{127.0.0.1:0}
2025-03-19 18:58:56,376 [Worker-5: Loading available Gradle versions] INFO  o.e.b.c.i.u.g.PublishedGradleVersions - Gradle version information cache is up-to-date. Trying to read.
2025-03-19 19:11:45,970 [Worker-16: Updating Maven Project] INFO  o.e.m.c.i.p.ProjectConfigurationManager - Update started
2025-03-19 19:11:47,011 [Worker-16: Updating Maven Project] INFO  o.e.m.c.i.l.LifecycleMappingFactory - Using org.maven.ide.eclipse.wtp.WarLifecycleMapping lifecycle mapping for MavenProject: klu:jobportal_backend:0.0.1-SNAPSHOT @ C:\Users\K HARSHITHA\Desktop\FSAD_SKILL\jobportal\backend\jobportal_backend\pom.xml.
2025-03-19 19:11:49,072 [Worker-16: Updating Maven Project] INFO  o.e.m.j.i.AbstractJavaProjectConfigurator - Adding source folder /jobportal_backend/src/main/java
2025-03-19 19:11:49,076 [Worker-16: Updating Maven Project] INFO  o.e.m.j.i.AbstractJavaProjectConfigurator - Adding resource folder /jobportal_backend/src/main/resources
2025-03-19 19:11:49,078 [Worker-16: Updating Maven Project] INFO  o.e.m.j.i.AbstractJavaProjectConfigurator - Adding resource folder /jobportal_backend/src/main/resources
2025-03-19 19:11:49,079 [Worker-16: Updating Maven Project] INFO  o.e.m.j.i.AbstractJavaProjectConfigurator - Adding source folder /jobportal_backend/src/test/java
2025-03-19 19:11:49,080 [Worker-16: Updating Maven Project] INFO  o.e.m.j.i.AbstractJavaProjectConfigurator - Adding resource folder /jobportal_backend/src/test/resources
2025-03-19 19:11:50,566 [Worker-16: Updating Maven Project] INFO  o.e.m.w.i.f.ResourceFilteringBuildParticipant - Cleaning filtered folder for jobportal_backend
2025-03-19 19:11:50,609 [Worker-16: Updating Maven Project] INFO  o.e.m.c.i.p.ProjectConfigurationManager - Update completed for 1 poms: local refresh takes 0.00 sec, refresh facades takes 2.00 sec, update config takes 1.00 sec 
2025-03-19 19:11:51,418 [Worker-5: Building] INFO  o.a.m.s.f.DefaultMavenResourcesFiltering - Copying 1 resource from src\main\resources to target\classes
2025-03-19 19:11:51,512 [Worker-5: Building] INFO  o.a.m.s.f.DefaultMavenResourcesFiltering - Copying 0 resource from src\main\resources to target\classes
2025-03-19 19:11:51,521 [Worker-5: Building] INFO  o.a.m.s.f.DefaultMavenResourcesFiltering - skip non existing resourceDirectory C:\Users\K HARSHITHA\Desktop\FSAD_SKILL\jobportal\backend\jobportal_backend\src\test\resources
2025-03-19 19:11:51,522 [Worker-5: Building] INFO  o.e.m.w.i.f.ResourceFilteringBuildParticipant - Changed resources require a complete clean of filtered resources of jobportal_backend
2025-03-19 19:11:51,525 [Worker-5: Building] INFO  o.e.m.w.i.f.ResourceFilteringBuildParticipant - Executing resource filtering for jobportal_backend
2025-03-20 11:19:34,024 [Worker-6: Loading available Gradle versions] INFO  o.e.b.c.i.u.g.PublishedGradleVersions - Gradle version information cache is out-of-date. Trying to update.
2025-03-20 12:01:12,372 [Start Help Server] INFO  org.eclipse.jetty.server.Server - jetty-12.0.15; built: 2024-11-05T19:44:57.623Z; git: 8281ae9740d4b4225e8166cc476bad237c70213a; jvm 21.0.5+11-LTS
2025-03-20 12:01:12,465 [Start Help Server] INFO  o.e.j.server.handler.ContextHandler - Started oeje8n.ContextHandler$CoreContextHandler@71912eb1{/help,/help,b=null,a=AVAILABLE,h=oeje8n.ContextHandler$CoreContextHandler$CoreToNestedHandler@7b0dc8e0{STARTED}}
2025-03-20 12:01:12,465 [Start Help Server] INFO  o.e.j.s.DefaultSessionIdManager - Session workerName=node0
2025-03-20 12:01:12,505 [Start Help Server] INFO  o.e.jetty.server.AbstractConnector - Started ServerConnector@1eadae83{HTTP/1.1, (http/1.1)}{127.0.0.1:55220}
2025-03-20 12:01:12,525 [Start Help Server] INFO  org.eclipse.jetty.server.Server - Started oejs.Server@4ee702df{STARTING}[12.0.15,sto=0] @2520275ms
2025-03-20 12:51:03,317 [Stop Help Server] INFO  org.eclipse.jetty.server.Server - Stopped oejs.Server@4ee702df{STOPPING}[12.0.15,sto=0]
2025-03-20 12:51:03,327 [Stop Help Server] INFO  o.e.jetty.server.AbstractConnector - Stopped ServerConnector@1eadae83{HTTP/1.1, (http/1.1)}{127.0.0.1:0}
2025-03-25 09:26:47,238 [Worker-6: Loading available Gradle versions] INFO  o.e.b.c.i.u.g.PublishedGradleVersions - Gradle version information cache is out-of-date. Trying to update.
2025-03-25 10:21:06,854 [Start Help Server] INFO  org.eclipse.jetty.server.Server - jetty-12.0.15; built: 2024-11-05T19:44:57.623Z; git: 8281ae9740d4b4225e8166cc476bad237c70213a; jvm 21.0.5+11-LTS
2025-03-25 10:21:06,938 [Start Help Server] INFO  o.e.j.server.handler.ContextHandler - Started oeje8n.ContextHandler$CoreContextHandler@467d8e68{/help,/help,b=null,a=AVAILABLE,h=oeje8n.ContextHandler$CoreContextHandler$CoreToNestedHandler@5c0abf13{STARTED}}
2025-03-25 10:21:06,939 [Start Help Server] INFO  o.e.j.s.DefaultSessionIdManager - Session workerName=node0
2025-03-25 10:21:06,981 [Start Help Server] INFO  o.e.jetty.server.AbstractConnector - Started ServerConnector@18394b79{HTTP/1.1, (http/1.1)}{127.0.0.1:53838}
2025-03-25 10:21:07,014 [Start Help Server] INFO  org.eclipse.jetty.server.Server - Started oejs.Server@3dec18d9{STARTING}[12.0.15,sto=0] @3296881ms
2025-03-25 10:22:59,244 [Worker-0: Building] INFO  o.a.m.s.f.DefaultMavenResourcesFiltering - Copying 1 resource from src\main\resources to target\classes
2025-03-25 10:22:59,277 [Worker-0: Building] INFO  o.a.m.s.f.DefaultMavenResourcesFiltering - Copying 0 resource from src\main\resources to target\classes
2025-03-25 10:22:59,281 [Worker-0: Building] INFO  o.a.m.s.f.DefaultMavenResourcesFiltering - skip non existing resourceDirectory C:\Users\K HARSHITHA\Desktop\FSAD_SKILL\jobportal\backend\jobportal_backend\src\test\resources
2025-03-25 10:23:33,897 [Worker-3: Building] INFO  o.a.m.s.f.DefaultMavenResourcesFiltering - Copying 1 resource from src\main\resources to target\classes
2025-03-25 10:23:33,914 [Worker-3: Building] INFO  o.a.m.s.f.DefaultMavenResourcesFiltering - Copying 0 resource from src\main\resources to target\classes
2025-03-25 10:23:33,921 [Worker-3: Building] INFO  o.a.m.s.f.DefaultMavenResourcesFiltering - skip non existing resourceDirectory C:\Users\K HARSHITHA\Desktop\FSAD_SKILL\jobportal\backend\jobportal_backend\src\test\resources
2025-03-25 11:04:58,886 [Worker-18: Building] INFO  o.a.m.s.f.DefaultMavenResourcesFiltering - Copying 1 resource from src\main\resources to target\classes
2025-03-25 11:04:58,898 [Worker-18: Building] INFO  o.a.m.s.f.DefaultMavenResourcesFiltering - Copying 0 resource from src\main\resources to target\classes
2025-03-25 11:04:58,905 [Worker-18: Building] INFO  o.a.m.s.f.DefaultMavenResourcesFiltering - skip non existing resourceDirectory C:\Users\K HARSHITHA\Desktop\FSAD_SKILL\jobportal\backend\jobportal_backend\src\test\resources
2025-03-25 11:05:01,203 [Stop Help Server] INFO  org.eclipse.jetty.server.Server - Stopped oejs.Server@3dec18d9{STOPPING}[12.0.15,sto=0]
2025-03-25 11:05:01,210 [Stop Help Server] INFO  o.e.jetty.server.AbstractConnector - Stopped ServerConnector@18394b79{HTTP/1.1, (http/1.1)}{127.0.0.1:0}
2025-03-25 14:34:20,182 [Worker-6: Loading available Gradle versions] INFO  o.e.b.c.i.u.g.PublishedGradleVersions - Gradle version information cache is up-to-date. Trying to read.
2025-03-25 14:34:30,768 [Start Help Server] INFO  org.eclipse.jetty.server.Server - jetty-12.0.15; built: 2024-11-05T19:44:57.623Z; git: 8281ae9740d4b4225e8166cc476bad237c70213a; jvm 21.0.5+11-LTS
2025-03-25 14:34:30,875 [Start Help Server] INFO  o.e.j.server.handler.ContextHandler - Started oeje8n.ContextHandler$CoreContextHandler@7bb2e022{/help,/help,b=null,a=AVAILABLE,h=oeje8n.ContextHandler$CoreContextHandler$CoreToNestedHandler@4a528b03{STARTED}}
2025-03-25 14:34:30,875 [Start Help Server] INFO  o.e.j.s.DefaultSessionIdManager - Session workerName=node0
2025-03-25 14:34:30,919 [Start Help Server] INFO  o.e.jetty.server.AbstractConnector - Started ServerConnector@57632636{HTTP/1.1, (http/1.1)}{127.0.0.1:52810}
2025-03-25 14:34:30,944 [Start Help Server] INFO  org.eclipse.jetty.server.Server - Started oejs.Server@285c1a2e{STARTING}[12.0.15,sto=0] @48688ms
2025-03-25 14:35:24,673 [Worker-4: Building] INFO  o.a.m.s.f.DefaultMavenResourcesFiltering - Copying 1 resource from src\main\resources to target\classes
2025-03-25 14:35:24,697 [Worker-4: Building] INFO  o.a.m.s.f.DefaultMavenResourcesFiltering - Copying 0 resource from src\main\resources to target\classes
2025-03-25 14:35:24,705 [Worker-4: Building] INFO  o.a.m.s.f.DefaultMavenResourcesFiltering - skip non existing resourceDirectory C:\Users\K HARSHITHA\Desktop\FSAD_SKILL\jobportal\backend\jobportal_backend\src\test\resources
2025-03-25 14:37:33,936 [Worker-10: Building] INFO  o.a.m.s.f.DefaultMavenResourcesFiltering - Copying 1 resource from src\main\resources to target\classes
2025-03-25 14:37:33,944 [Worker-10: Building] INFO  o.a.m.s.f.DefaultMavenResourcesFiltering - Copying 0 resource from src\main\resources to target\classes
2025-03-25 14:37:33,948 [Worker-10: Building] INFO  o.a.m.s.f.DefaultMavenResourcesFiltering - skip non existing resourceDirectory C:\Users\K HARSHITHA\Desktop\FSAD_SKILL\jobportal\backend\jobportal_backend\src\test\resources
2025-03-25 14:38:31,241 [Worker-1: Launching jobportal_backend - JobportalBackendApplication] INFO  o.a.m.s.f.DefaultMavenResourcesFiltering - Copying 1 resource from src\main\resources to target\classes
2025-03-25 14:38:31,252 [Worker-1: Launching jobportal_backend - JobportalBackendApplication] INFO  o.a.m.s.f.DefaultMavenResourcesFiltering - Copying 0 resource from src\main\resources to target\classes
2025-03-25 14:38:31,261 [Worker-1: Launching jobportal_backend - JobportalBackendApplication] INFO  o.a.m.s.f.DefaultMavenResourcesFiltering - skip non existing resourceDirectory C:\Users\K HARSHITHA\Desktop\FSAD_SKILL\jobportal\backend\jobportal_backend\src\test\resources
2025-03-25 14:45:34,899 [Worker-0: Building] INFO  o.a.m.s.f.DefaultMavenResourcesFiltering - Copying 1 resource from src\main\resources to target\classes
2025-03-25 14:45:34,911 [Worker-0: Building] INFO  o.a.m.s.f.DefaultMavenResourcesFiltering - Copying 0 resource from src\main\resources to target\classes
2025-03-25 14:45:34,917 [Worker-0: Building] INFO  o.a.m.s.f.DefaultMavenResourcesFiltering - skip non existing resourceDirectory C:\Users\K HARSHITHA\Desktop\FSAD_SKILL\jobportal\backend\jobportal_backend\src\test\resources
2025-03-26 06:20:19,344 [Stop Help Server] INFO  org.eclipse.jetty.server.Server - Stopped oejs.Server@285c1a2e{STOPPING}[12.0.15,sto=0]
2025-03-26 06:20:19,356 [Stop Help Server] INFO  o.e.jetty.server.AbstractConnector - Stopped ServerConnector@57632636{HTTP/1.1, (http/1.1)}{127.0.0.1:0}
2025-03-27 11:20:10,140 [Worker-8: Loading available Gradle versions] INFO  o.e.b.c.i.u.g.PublishedGradleVersions - Gradle version information cache is out-of-date. Trying to update.
2025-04-08 09:41:52,332 [Worker-5: Loading available Gradle versions] INFO  o.e.b.c.i.u.g.PublishedGradleVersions - Gradle version information cache is out-of-date. Trying to update.
2025-04-08 14:44:56,719 [Worker-8: Loading available Gradle versions] INFO  o.e.b.c.i.u.g.PublishedGradleVersions - Gradle version information cache is up-to-date. Trying to read.
2025-04-08 15:14:34,526 [Worker-12: Building] INFO  o.a.m.s.f.DefaultMavenResourcesFiltering - Copying 1 resource from src\main\resources to target\classes
2025-04-08 15:14:34,559 [Worker-12: Building] INFO  o.a.m.s.f.DefaultMavenResourcesFiltering - Copying 0 resource from src\main\resources to target\classes
2025-04-08 15:14:34,566 [Worker-12: Building] INFO  o.a.m.s.f.DefaultMavenResourcesFiltering - skip non existing resourceDirectory C:\Users\K HARSHITHA\Desktop\FSAD_SKILL\jobportal\backend\jobportal_backend\src\test\resources
2025-04-08 15:15:25,444 [Worker-27: Building] INFO  o.a.m.s.f.DefaultMavenResourcesFiltering - Copying 1 resource from src\main\resources to target\classes
2025-04-08 15:15:25,463 [Worker-27: Building] INFO  o.a.m.s.f.DefaultMavenResourcesFiltering - Copying 0 resource from src\main\resources to target\classes
2025-04-08 15:15:25,471 [Worker-27: Building] INFO  o.a.m.s.f.DefaultMavenResourcesFiltering - skip non existing resourceDirectory C:\Users\K HARSHITHA\Desktop\FSAD_SKILL\jobportal\backend\jobportal_backend\src\test\resources
2025-04-08 15:16:14,646 [Worker-20: Building] INFO  o.a.m.s.f.DefaultMavenResourcesFiltering - Copying 1 resource from src\main\resources to target\classes
2025-04-08 15:16:14,655 [Worker-20: Building] INFO  o.a.m.s.f.DefaultMavenResourcesFiltering - Copying 0 resource from src\main\resources to target\classes
2025-04-08 15:16:14,663 [Worker-20: Building] INFO  o.a.m.s.f.DefaultMavenResourcesFiltering - skip non existing resourceDirectory C:\Users\K HARSHITHA\Desktop\FSAD_SKILL\jobportal\backend\jobportal_backend\src\test\resources
2025-04-08 15:16:58,144 [Worker-25: Building] INFO  o.a.m.s.f.DefaultMavenResourcesFiltering - Copying 1 resource from src\main\resources to target\classes
2025-04-08 15:16:58,152 [Worker-25: Building] INFO  o.a.m.s.f.DefaultMavenResourcesFiltering - Copying 0 resource from src\main\resources to target\classes
2025-04-08 15:16:58,161 [Worker-25: Building] INFO  o.a.m.s.f.DefaultMavenResourcesFiltering - skip non existing resourceDirectory C:\Users\K HARSHITHA\Desktop\FSAD_SKILL\jobportal\backend\jobportal_backend\src\test\resources
2025-04-08 15:17:53,046 [Worker-12: Building] INFO  o.a.m.s.f.DefaultMavenResourcesFiltering - Copying 1 resource from src\main\resources to target\classes
2025-04-08 15:17:53,058 [Worker-12: Building] INFO  o.a.m.s.f.DefaultMavenResourcesFiltering - Copying 0 resource from src\main\resources to target\classes
2025-04-08 15:17:53,062 [Worker-12: Building] INFO  o.a.m.s.f.DefaultMavenResourcesFiltering - skip non existing resourceDirectory C:\Users\K HARSHITHA\Desktop\FSAD_SKILL\jobportal\backend\jobportal_backend\src\test\resources
2025-04-08 15:18:18,876 [Worker-25: Building] INFO  o.a.m.s.f.DefaultMavenResourcesFiltering - Copying 1 resource from src\main\resources to target\classes
2025-04-08 15:18:18,885 [Worker-25: Building] INFO  o.a.m.s.f.DefaultMavenResourcesFiltering - Copying 0 resource from src\main\resources to target\classes
2025-04-08 15:18:18,888 [Worker-25: Building] INFO  o.a.m.s.f.DefaultMavenResourcesFiltering - skip non existing resourceDirectory C:\Users\K HARSHITHA\Desktop\FSAD_SKILL\jobportal\backend\jobportal_backend\src\test\resources
2025-04-08 15:18:24,895 [Start Help Server] INFO  org.eclipse.jetty.server.Server - jetty-12.0.15; built: 2024-11-05T19:44:57.623Z; git: 8281ae9740d4b4225e8166cc476bad237c70213a; jvm 21.0.5+11-LTS
2025-04-08 15:18:25,011 [Start Help Server] INFO  o.e.j.server.handler.ContextHandler - Started oeje8n.ContextHandler$CoreContextHandler@3c100a5c{/help,/help,b=null,a=AVAILABLE,h=oeje8n.ContextHandler$CoreContextHandler$CoreToNestedHandler@3437683b{STARTED}}
2025-04-08 15:18:25,012 [Start Help Server] INFO  o.e.j.s.DefaultSessionIdManager - Session workerName=node0
2025-04-08 15:18:25,065 [Start Help Server] INFO  o.e.jetty.server.AbstractConnector - Started ServerConnector@6b5d667d{HTTP/1.1, (http/1.1)}{127.0.0.1:50868}
2025-04-08 15:18:25,087 [Start Help Server] INFO  org.eclipse.jetty.server.Server - Started oejs.Server@71cd9c3d{STARTING}[12.0.15,sto=0] @2027342ms
2025-04-08 15:19:27,316 [Worker-25: Building] INFO  o.a.m.s.f.DefaultMavenResourcesFiltering - Copying 1 resource from src\main\resources to target\classes
2025-04-08 15:19:27,335 [Worker-25: Building] INFO  o.a.m.s.f.DefaultMavenResourcesFiltering - Copying 0 resource from src\main\resources to target\classes
2025-04-08 15:19:27,341 [Worker-25: Building] INFO  o.a.m.s.f.DefaultMavenResourcesFiltering - skip non existing resourceDirectory C:\Users\K HARSHITHA\Desktop\FSAD_SKILL\jobportal\backend\jobportal_backend\src\test\resources
2025-04-08 15:19:32,236 [Worker-20: Building] INFO  o.a.m.s.f.DefaultMavenResourcesFiltering - Copying 1 resource from src\main\resources to target\classes
2025-04-08 15:19:32,244 [Worker-20: Building] INFO  o.a.m.s.f.DefaultMavenResourcesFiltering - Copying 0 resource from src\main\resources to target\classes
2025-04-08 15:19:32,247 [Worker-20: Building] INFO  o.a.m.s.f.DefaultMavenResourcesFiltering - skip non existing resourceDirectory C:\Users\K HARSHITHA\Desktop\FSAD_SKILL\jobportal\backend\jobportal_backend\src\test\resources
2025-04-08 15:20:51,523 [Stop Help Server] INFO  org.eclipse.jetty.server.Server - Stopped oejs.Server@71cd9c3d{STOPPING}[12.0.15,sto=0]
2025-04-08 15:20:51,530 [Stop Help Server] INFO  o.e.jetty.server.AbstractConnector - Stopped ServerConnector@6b5d667d{HTTP/1.1, (http/1.1)}{127.0.0.1:0}
2025-04-08 15:21:18,277 [Worker-6: Loading available Gradle versions] INFO  o.e.b.c.i.u.g.PublishedGradleVersions - Gradle version information cache is up-to-date. Trying to read.
2025-04-08 15:21:35,382 [Worker-5: Updating Maven Project] INFO  o.e.m.c.i.p.ProjectConfigurationManager - Update started
2025-04-08 15:21:36,375 [Worker-5: Updating Maven Project] INFO  o.e.m.c.i.l.LifecycleMappingFactory - Using org.maven.ide.eclipse.wtp.WarLifecycleMapping lifecycle mapping for MavenProject: klu:jobportal_backend:0.0.1-SNAPSHOT @ C:\Users\K HARSHITHA\Desktop\FSAD_SKILL\jobportal\backend\jobportal_backend\pom.xml.
2025-04-08 15:21:38,271 [Worker-5: Updating Maven Project] INFO  o.e.m.j.i.AbstractJavaProjectConfigurator - Adding source folder /jobportal_backend/src/main/java
2025-04-08 15:21:38,274 [Worker-5: Updating Maven Project] INFO  o.e.m.j.i.AbstractJavaProjectConfigurator - Adding resource folder /jobportal_backend/src/main/resources
2025-04-08 15:21:38,275 [Worker-5: Updating Maven Project] INFO  o.e.m.j.i.AbstractJavaProjectConfigurator - Adding resource folder /jobportal_backend/src/main/resources
2025-04-08 15:21:38,276 [Worker-5: Updating Maven Project] INFO  o.e.m.j.i.AbstractJavaProjectConfigurator - Adding source folder /jobportal_backend/src/test/java
2025-04-08 15:21:38,279 [Worker-5: Updating Maven Project] INFO  o.e.m.j.i.AbstractJavaProjectConfigurator - Adding resource folder /jobportal_backend/src/test/resources
2025-04-08 15:21:39,705 [Worker-5: Updating Maven Project] INFO  o.e.m.w.i.f.ResourceFilteringBuildParticipant - Cleaning filtered folder for jobportal_backend
2025-04-08 15:21:39,746 [Worker-5: Updating Maven Project] INFO  o.e.m.c.i.p.ProjectConfigurationManager - Update completed for 1 poms: local refresh takes 0.00 sec, refresh facades takes 2.00 sec, update config takes 1.00 sec 
2025-04-08 15:21:40,589 [Worker-5: Building] INFO  o.a.m.s.f.DefaultMavenResourcesFiltering - Copying 1 resource from src\main\resources to target\classes
2025-04-08 15:21:40,620 [Worker-5: Building] INFO  o.a.m.s.f.DefaultMavenResourcesFiltering - Copying 0 resource from src\main\resources to target\classes
2025-04-08 15:21:40,626 [Worker-5: Building] INFO  o.a.m.s.f.DefaultMavenResourcesFiltering - skip non existing resourceDirectory C:\Users\K HARSHITHA\Desktop\FSAD_SKILL\jobportal\backend\jobportal_backend\src\test\resources
2025-04-08 15:21:40,627 [Worker-5: Building] INFO  o.e.m.w.i.f.ResourceFilteringBuildParticipant - Changed resources require a complete clean of filtered resources of jobportal_backend
2025-04-08 15:21:40,629 [Worker-5: Building] INFO  o.e.m.w.i.f.ResourceFilteringBuildParticipant - Executing resource filtering for jobportal_backend
2025-04-10 11:16:35,209 [Worker-1: Loading available Gradle versions] INFO  o.e.b.c.i.u.g.PublishedGradleVersions - Gradle version information cache is out-of-date. Trying to update.
2025-04-10 11:44:30,743 [Worker-12: Building] INFO  o.a.m.s.f.DefaultMavenResourcesFiltering - Copying 1 resource from src\main\resources to target\classes
2025-04-10 11:44:30,767 [Worker-12: Building] INFO  o.a.m.s.f.DefaultMavenResourcesFiltering - Copying 0 resource from src\main\resources to target\classes
2025-04-10 11:44:30,773 [Worker-12: Building] INFO  o.a.m.s.f.DefaultMavenResourcesFiltering - skip non existing resourceDirectory C:\Users\K HARSHITHA\Desktop\FSAD_SKILL\jobportal\backend\jobportal_backend\src\test\resources
2025-04-10 11:44:57,912 [Worker-10: Building] INFO  o.a.m.s.f.DefaultMavenResourcesFiltering - Copying 1 resource from src\main\resources to target\classes
2025-04-10 11:44:57,918 [Worker-10: Building] INFO  o.a.m.s.f.DefaultMavenResourcesFiltering - Copying 0 resource from src\main\resources to target\classes
2025-04-10 11:44:57,922 [Worker-10: Building] INFO  o.a.m.s.f.DefaultMavenResourcesFiltering - skip non existing resourceDirectory C:\Users\K HARSHITHA\Desktop\FSAD_SKILL\jobportal\backend\jobportal_backend\src\test\resources
2025-04-10 11:59:48,401 [Worker-8: Building] INFO  o.a.m.s.f.DefaultMavenResourcesFiltering - Copying 1 resource from src\main\resources to target\classes
2025-04-10 11:59:48,406 [Worker-8: Building] INFO  o.a.m.s.f.DefaultMavenResourcesFiltering - Copying 0 resource from src\main\resources to target\classes
2025-04-10 11:59:48,409 [Worker-8: Building] INFO  o.a.m.s.f.DefaultMavenResourcesFiltering - skip non existing resourceDirectory C:\Users\K HARSHITHA\Desktop\FSAD_SKILL\jobportal\backend\jobportal_backend\src\test\resources
2025-04-10 12:01:13,197 [Worker-3: Building] INFO  o.a.m.s.f.DefaultMavenResourcesFiltering - Copying 1 resource from src\main\resources to target\classes
2025-04-10 12:01:13,206 [Worker-3: Building] INFO  o.a.m.s.f.DefaultMavenResourcesFiltering - Copying 0 resource from src\main\resources to target\classes
2025-04-10 12:01:13,209 [Worker-3: Building] INFO  o.a.m.s.f.DefaultMavenResourcesFiltering - skip non existing resourceDirectory C:\Users\K HARSHITHA\Desktop\FSAD_SKILL\jobportal\backend\jobportal_backend\src\test\resources
2025-04-10 12:03:02,414 [Worker-4: Building] INFO  o.a.m.s.f.DefaultMavenResourcesFiltering - Copying 1 resource from src\main\resources to target\classes
2025-04-10 12:03:02,420 [Worker-4: Building] INFO  o.a.m.s.f.DefaultMavenResourcesFiltering - Copying 0 resource from src\main\resources to target\classes
2025-04-10 12:03:02,422 [Worker-4: Building] INFO  o.a.m.s.f.DefaultMavenResourcesFiltering - skip non existing resourceDirectory C:\Users\K HARSHITHA\Desktop\FSAD_SKILL\jobportal\backend\jobportal_backend\src\test\resources
2025-04-10 12:03:05,461 [Start Help Server] INFO  org.eclipse.jetty.server.Server - jetty-12.0.15; built: 2024-11-05T19:44:57.623Z; git: 8281ae9740d4b4225e8166cc476bad237c70213a; jvm 21.0.5+11-LTS
2025-04-10 12:03:05,541 [Start Help Server] INFO  o.e.j.server.handler.ContextHandler - Started oeje8n.ContextHandler$CoreContextHandler@5e0ef177{/help,/help,b=null,a=AVAILABLE,h=oeje8n.ContextHandler$CoreContextHandler$CoreToNestedHandler@6e421d28{STARTED}}
2025-04-10 12:03:05,542 [Start Help Server] INFO  o.e.j.s.DefaultSessionIdManager - Session workerName=node0
2025-04-10 12:03:05,581 [Start Help Server] INFO  o.e.jetty.server.AbstractConnector - Started ServerConnector@5121a0b6{HTTP/1.1, (http/1.1)}{127.0.0.1:51529}
2025-04-10 12:03:05,602 [Start Help Server] INFO  org.eclipse.jetty.server.Server - Started oejs.Server@f6e7086{STARTING}[12.0.15,sto=0] @2804907ms
2025-04-10 12:04:34,132 [Worker-15: Building] INFO  o.a.m.s.f.DefaultMavenResourcesFiltering - Copying 1 resource from src\main\resources to target\classes
2025-04-10 12:04:34,137 [Worker-15: Building] INFO  o.a.m.s.f.DefaultMavenResourcesFiltering - Copying 0 resource from src\main\resources to target\classes
2025-04-10 12:04:34,139 [Worker-15: Building] INFO  o.a.m.s.f.DefaultMavenResourcesFiltering - skip non existing resourceDirectory C:\Users\K HARSHITHA\Desktop\FSAD_SKILL\jobportal\backend\jobportal_backend\src\test\resources
2025-04-10 12:04:36,326 [Worker-8: Building] INFO  o.a.m.s.f.DefaultMavenResourcesFiltering - Copying 1 resource from src\main\resources to target\classes
2025-04-10 12:04:36,330 [Worker-8: Building] INFO  o.a.m.s.f.DefaultMavenResourcesFiltering - Copying 0 resource from src\main\resources to target\classes
2025-04-10 12:04:36,333 [Worker-8: Building] INFO  o.a.m.s.f.DefaultMavenResourcesFiltering - skip non existing resourceDirectory C:\Users\K HARSHITHA\Desktop\FSAD_SKILL\jobportal\backend\jobportal_backend\src\test\resources
2025-04-10 12:12:29,028 [Worker-15: Building] INFO  o.a.m.s.f.DefaultMavenResourcesFiltering - Copying 1 resource from src\main\resources to target\classes
2025-04-10 12:12:29,035 [Worker-15: Building] INFO  o.a.m.s.f.DefaultMavenResourcesFiltering - Copying 0 resource from src\main\resources to target\classes
2025-04-10 12:12:29,037 [Worker-15: Building] INFO  o.a.m.s.f.DefaultMavenResourcesFiltering - skip non existing resourceDirectory C:\Users\K HARSHITHA\Desktop\FSAD_SKILL\jobportal\backend\jobportal_backend\src\test\resources
2025-04-10 12:12:35,433 [Worker-8: Building] INFO  o.a.m.s.f.DefaultMavenResourcesFiltering - Copying 1 resource from src\main\resources to target\classes
2025-04-10 12:12:35,438 [Worker-8: Building] INFO  o.a.m.s.f.DefaultMavenResourcesFiltering - Copying 0 resource from src\main\resources to target\classes
2025-04-10 12:12:35,440 [Worker-8: Building] INFO  o.a.m.s.f.DefaultMavenResourcesFiltering - skip non existing resourceDirectory C:\Users\K HARSHITHA\Desktop\FSAD_SKILL\jobportal\backend\jobportal_backend\src\test\resources
2025-04-10 12:13:19,377 [Worker-5: Updating Maven Project] INFO  o.e.m.c.i.p.ProjectConfigurationManager - Update started
2025-04-10 12:13:20,224 [Worker-5: Updating Maven Project] INFO  o.e.m.c.i.l.LifecycleMappingFactory - Using org.maven.ide.eclipse.wtp.WarLifecycleMapping lifecycle mapping for MavenProject: klu:jobportal_backend:0.0.1-SNAPSHOT @ C:\Users\K HARSHITHA\Desktop\FSAD_SKILL\jobportal\backend\jobportal_backend\pom.xml.
2025-04-10 12:13:21,556 [Worker-5: Updating Maven Project] INFO  o.e.m.j.i.AbstractJavaProjectConfigurator - Adding source folder /jobportal_backend/src/main/java
2025-04-10 12:13:21,558 [Worker-5: Updating Maven Project] INFO  o.e.m.j.i.AbstractJavaProjectConfigurator - Adding resource folder /jobportal_backend/src/main/resources
2025-04-10 12:13:21,559 [Worker-5: Updating Maven Project] INFO  o.e.m.j.i.AbstractJavaProjectConfigurator - Adding resource folder /jobportal_backend/src/main/resources
2025-04-10 12:13:21,560 [Worker-5: Updating Maven Project] INFO  o.e.m.j.i.AbstractJavaProjectConfigurator - Adding source folder /jobportal_backend/src/test/java
2025-04-10 12:13:21,561 [Worker-5: Updating Maven Project] INFO  o.e.m.j.i.AbstractJavaProjectConfigurator - Adding resource folder /jobportal_backend/src/test/resources
2025-04-10 12:13:22,152 [Worker-5: Updating Maven Project] INFO  o.e.m.w.i.f.ResourceFilteringBuildParticipant - Cleaning filtered folder for jobportal_backend
2025-04-10 12:13:22,182 [Worker-5: Updating Maven Project] INFO  o.e.m.c.i.p.ProjectConfigurationManager - Update completed for 1 poms: local refresh takes 0.00 sec, refresh facades takes 2.00 sec, update config takes 0.00 sec 
2025-04-10 12:13:22,516 [Worker-13: Building] INFO  o.a.m.s.f.DefaultMavenResourcesFiltering - Copying 1 resource from src\main\resources to target\classes
2025-04-10 12:13:22,544 [Worker-13: Building] INFO  o.a.m.s.f.DefaultMavenResourcesFiltering - Copying 0 resource from src\main\resources to target\classes
2025-04-10 12:13:22,547 [Worker-13: Building] INFO  o.a.m.s.f.DefaultMavenResourcesFiltering - skip non existing resourceDirectory C:\Users\K HARSHITHA\Desktop\FSAD_SKILL\jobportal\backend\jobportal_backend\src\test\resources
2025-04-10 12:13:22,548 [Worker-13: Building] INFO  o.e.m.w.i.f.ResourceFilteringBuildParticipant - Changed resources require a complete clean of filtered resources of jobportal_backend
2025-04-10 12:13:22,549 [Worker-13: Building] INFO  o.e.m.w.i.f.ResourceFilteringBuildParticipant - Executing resource filtering for jobportal_backend
2025-04-10 12:14:39,664 [Stop Help Server] INFO  org.eclipse.jetty.server.Server - Stopped oejs.Server@f6e7086{STOPPING}[12.0.15,sto=0]
2025-04-10 12:14:39,674 [Stop Help Server] INFO  o.e.jetty.server.AbstractConnector - Stopped ServerConnector@5121a0b6{HTTP/1.1, (http/1.1)}{127.0.0.1:0}
2025-04-10 12:15:17,862 [Worker-7: Loading available Gradle versions] INFO  o.e.b.c.i.u.g.PublishedGradleVersions - Gradle version information cache is up-to-date. Trying to read.
2025-04-15 10:11:07,519 [Worker-0: Loading available Gradle versions] INFO  o.e.b.c.i.u.g.PublishedGradleVersions - Gradle version information cache is out-of-date. Trying to update.
2025-05-10 11:55:01,647 [Worker-8: Loading available Gradle versions] INFO  o.e.b.c.i.u.g.PublishedGradleVersions - Gradle version information cache is out-of-date. Trying to update.
2025-05-10 16:18:43,776 [Worker-8: Loading available Gradle versions] INFO  o.e.b.c.i.u.g.PublishedGradleVersions - Gradle version information cache is up-to-date. Trying to read.
2025-05-10 16:49:24,146 [Worker-1: Loading available Gradle versions] INFO  o.e.b.c.i.u.g.PublishedGradleVersions - Gradle version information cache is up-to-date. Trying to read.
2025-05-10 18:08:51,107 [Worker-8: Loading available Gradle versions] INFO  o.e.b.c.i.u.g.PublishedGradleVersions - Gradle version information cache is up-to-date. Trying to read.
2025-05-10 19:34:35,010 [Worker-6: Loading available Gradle versions] INFO  o.e.b.c.i.u.g.PublishedGradleVersions - Gradle version information cache is up-to-date. Trying to read.
2025-05-10 19:34:49,013 [Worker-1: Building] INFO  o.e.m.c.i.l.LifecycleMappingFactory - Using org.maven.ide.eclipse.wtp.WarLifecycleMapping lifecycle mapping for MavenProject: klu:jobportal_backend:0.0.1-SNAPSHOT @ C:\Users\ithan\OneDrive\Desktop\event management system\jobportal\backend\jobportal_backend\pom.xml.
2025-05-10 19:34:52,690 [Worker-1: Building] INFO  o.a.m.s.f.DefaultMavenResourcesFiltering - Copying 1 resource from src\main\resources to target\classes
2025-05-10 19:34:52,721 [Worker-1: Building] INFO  o.a.m.s.f.DefaultMavenResourcesFiltering - Copying 0 resource from src\main\resources to target\classes
2025-05-10 19:34:52,731 [Worker-1: Building] INFO  o.a.m.s.f.DefaultMavenResourcesFiltering - skip non existing resourceDirectory C:\Users\ithan\OneDrive\Desktop\event management system\jobportal\backend\jobportal_backend\src\test\resources
2025-05-10 19:34:52,736 [Worker-1: Building] INFO  o.e.m.w.i.f.ResourceFilteringBuildParticipant - Changed resources require a complete clean of filtered resources of jobportal_backend
2025-05-10 19:34:52,736 [Worker-1: Building] INFO  o.e.m.w.i.f.ResourceFilteringBuildParticipant - Executing resource filtering for jobportal_backend
2025-05-10 19:34:53,078 [Worker-7: Download sources and javadoc] INFO  o.e.m.c.i.e.AbstractTransferListenerAdapter - Downloading https://repo.maven.apache.org/maven2/org/springframework/boot/spring-boot-starter-data-jpa/3.4.2/spring-boot-starter-data-jpa-3.4.2-javadoc.jar
2025-05-10 19:34:53,185 [Worker-7: Download sources and javadoc] INFO  o.e.m.c.i.e.AbstractTransferListenerAdapter - Downloaded https://repo.maven.apache.org/maven2/org/springframework/boot/spring-boot-starter-data-jpa/3.4.2/spring-boot-starter-data-jpa-3.4.2-javadoc.jar
2025-05-10 19:34:53,193 [Worker-7: Download sources and javadoc] INFO  o.e.m.j.internal.DownloadSourcesJob - Downloaded javadoc for org.springframework.boot:spring-boot-starter-data-jpa:3.4.2
2025-05-10 19:34:53,489 [Worker-7: Download sources and javadoc] INFO  o.e.m.c.i.e.AbstractTransferListenerAdapter - Downloading https://repo.maven.apache.org/maven2/org/springframework/boot/spring-boot-starter-mail/3.4.2/spring-boot-starter-mail-3.4.2-javadoc.jar
2025-05-10 19:34:53,568 [Worker-7: Download sources and javadoc] INFO  o.e.m.c.i.e.AbstractTransferListenerAdapter - Downloaded https://repo.maven.apache.org/maven2/org/springframework/boot/spring-boot-starter-mail/3.4.2/spring-boot-starter-mail-3.4.2-javadoc.jar
2025-05-10 19:34:53,573 [Worker-7: Download sources and javadoc] INFO  o.e.m.j.internal.DownloadSourcesJob - Downloaded javadoc for org.springframework.boot:spring-boot-starter-mail:3.4.2
2025-05-10 19:34:53,849 [Worker-7: Download sources and javadoc] INFO  o.e.m.c.i.e.AbstractTransferListenerAdapter - Downloading https://repo.maven.apache.org/maven2/org/springframework/boot/spring-boot-starter-web/3.4.2/spring-boot-starter-web-3.4.2-javadoc.jar
2025-05-10 19:34:53,924 [Worker-7: Download sources and javadoc] INFO  o.e.m.c.i.e.AbstractTransferListenerAdapter - Downloaded https://repo.maven.apache.org/maven2/org/springframework/boot/spring-boot-starter-web/3.4.2/spring-boot-starter-web-3.4.2-javadoc.jar
2025-05-10 19:34:53,928 [Worker-7: Download sources and javadoc] INFO  o.e.m.j.internal.DownloadSourcesJob - Downloaded javadoc for org.springframework.boot:spring-boot-starter-web:3.4.2
2025-05-10 19:34:54,249 [Worker-7: Download sources and javadoc] INFO  o.e.m.c.i.e.AbstractTransferListenerAdapter - Downloading https://repo.maven.apache.org/maven2/org/springframework/boot/spring-boot-devtools/3.4.2/spring-boot-devtools-3.4.2-javadoc.jar
2025-05-10 19:34:54,569 [Worker-7: Download sources and javadoc] INFO  o.e.m.c.i.e.AbstractTransferListenerAdapter - Downloaded https://repo.maven.apache.org/maven2/org/springframework/boot/spring-boot-devtools/3.4.2/spring-boot-devtools-3.4.2-javadoc.jar
2025-05-10 19:34:54,577 [Worker-7: Download sources and javadoc] INFO  o.e.m.j.internal.DownloadSourcesJob - Downloaded javadoc for org.springframework.boot:spring-boot-devtools:3.4.2
2025-05-10 19:34:54,699 [Worker-5: Building] INFO  o.a.m.s.f.DefaultMavenResourcesFiltering - Copying 1 resource from src\main\resources to target\classes
2025-05-10 19:34:54,715 [Worker-7: Download sources and javadoc] INFO  o.e.m.c.i.e.AbstractTransferListenerAdapter - Downloading https://repo.maven.apache.org/maven2/com/mysql/mysql-connector-j/9.1.0/mysql-connector-j-9.1.0-javadoc.jar
2025-05-10 19:34:54,752 [Worker-5: Building] INFO  o.a.m.s.f.DefaultMavenResourcesFiltering - Copying 0 resource from src\main\resources to target\classes
2025-05-10 19:34:54,759 [Worker-5: Building] INFO  o.a.m.s.f.DefaultMavenResourcesFiltering - skip non existing resourceDirectory C:\Users\ithan\OneDrive\Desktop\event management system\jobportal\backend\jobportal_backend\src\test\resources
2025-05-10 19:34:55,023 [Worker-7: Download sources and javadoc] INFO  o.e.m.c.i.e.AbstractTransferListenerAdapter - Downloaded https://repo.maven.apache.org/maven2/com/mysql/mysql-connector-j/9.1.0/mysql-connector-j-9.1.0-javadoc.jar
2025-05-10 19:34:55,030 [Worker-7: Download sources and javadoc] INFO  o.e.m.j.internal.DownloadSourcesJob - Downloaded javadoc for com.mysql:mysql-connector-j:9.1.0
2025-05-10 19:34:55,166 [Worker-7: Download sources and javadoc] INFO  o.e.m.c.i.e.AbstractTransferListenerAdapter - Downloading https://repo.maven.apache.org/maven2/org/springframework/boot/spring-boot-starter-tomcat/3.4.2/spring-boot-starter-tomcat-3.4.2-javadoc.jar
2025-05-10 19:34:55,253 [Worker-7: Download sources and javadoc] INFO  o.e.m.c.i.e.AbstractTransferListenerAdapter - Downloaded https://repo.maven.apache.org/maven2/org/springframework/boot/spring-boot-starter-tomcat/3.4.2/spring-boot-starter-tomcat-3.4.2-javadoc.jar
2025-05-10 19:34:55,262 [Worker-7: Download sources and javadoc] INFO  o.e.m.j.internal.DownloadSourcesJob - Downloaded javadoc for org.springframework.boot:spring-boot-starter-tomcat:3.4.2
2025-05-10 19:34:55,401 [Worker-7: Download sources and javadoc] INFO  o.e.m.c.i.e.AbstractTransferListenerAdapter - Downloading https://repo.maven.apache.org/maven2/org/springframework/boot/spring-boot-starter-test/3.4.2/spring-boot-starter-test-3.4.2-javadoc.jar
2025-05-10 19:34:55,467 [Worker-7: Download sources and javadoc] INFO  o.e.m.c.i.e.AbstractTransferListenerAdapter - Downloaded https://repo.maven.apache.org/maven2/org/springframework/boot/spring-boot-starter-test/3.4.2/spring-boot-starter-test-3.4.2-javadoc.jar
2025-05-10 19:34:55,484 [Worker-7: Download sources and javadoc] INFO  o.e.m.j.internal.DownloadSourcesJob - Downloaded javadoc for org.springframework.boot:spring-boot-starter-test:3.4.2
2025-05-10 19:34:55,603 [Worker-7: Download sources and javadoc] INFO  o.e.m.c.i.e.AbstractTransferListenerAdapter - Downloading https://repo.maven.apache.org/maven2/com/google/code/gson/gson/2.11.0/gson-2.11.0-javadoc.jar
2025-05-10 19:34:57,588 [Worker-7: Download sources and javadoc] INFO  o.e.m.c.i.e.AbstractTransferListenerAdapter - Downloaded https://repo.maven.apache.org/maven2/com/google/code/gson/gson/2.11.0/gson-2.11.0-javadoc.jar
2025-05-10 19:34:57,591 [Worker-7: Download sources and javadoc] INFO  o.e.m.j.internal.DownloadSourcesJob - Downloaded javadoc for com.google.code.gson:gson:2.11.0
2025-05-10 19:34:57,819 [Worker-7: Download sources and javadoc] INFO  o.e.m.c.i.e.AbstractTransferListenerAdapter - Downloading https://repo.maven.apache.org/maven2/com/google/errorprone/error_prone_annotations/2.27.0/error_prone_annotations-2.27.0-javadoc.jar
2025-05-10 19:34:58,256 [Worker-7: Download sources and javadoc] INFO  o.e.m.c.i.e.AbstractTransferListenerAdapter - Downloaded https://repo.maven.apache.org/maven2/com/google/errorprone/error_prone_annotations/2.27.0/error_prone_annotations-2.27.0-javadoc.jar
2025-05-10 19:34:58,322 [Worker-7: Download sources and javadoc] INFO  o.e.m.j.internal.DownloadSourcesJob - Downloaded javadoc for com.google.errorprone:error_prone_annotations:2.27.0
2025-05-10 19:34:58,494 [Worker-7: Download sources and javadoc] INFO  o.e.m.c.i.e.AbstractTransferListenerAdapter - Downloading https://repo.maven.apache.org/maven2/io/jsonwebtoken/jjwt-api/0.11.5/jjwt-api-0.11.5-javadoc.jar
2025-05-10 19:34:58,779 [Worker-7: Download sources and javadoc] INFO  o.e.m.c.i.e.AbstractTransferListenerAdapter - Downloaded https://repo.maven.apache.org/maven2/io/jsonwebtoken/jjwt-api/0.11.5/jjwt-api-0.11.5-javadoc.jar
2025-05-10 19:34:58,782 [Worker-7: Download sources and javadoc] INFO  o.e.m.j.internal.DownloadSourcesJob - Downloaded javadoc for io.jsonwebtoken:jjwt-api:0.11.5
2025-05-10 19:34:58,947 [Worker-7: Download sources and javadoc] INFO  o.e.m.c.i.e.AbstractTransferListenerAdapter - Downloading https://repo.maven.apache.org/maven2/io/jsonwebtoken/jjwt-impl/0.11.5/jjwt-impl-0.11.5-javadoc.jar
2025-05-10 19:34:59,388 [Worker-7: Download sources and javadoc] INFO  o.e.m.c.i.e.AbstractTransferListenerAdapter - Downloaded https://repo.maven.apache.org/maven2/io/jsonwebtoken/jjwt-impl/0.11.5/jjwt-impl-0.11.5-javadoc.jar
2025-05-10 19:34:59,391 [Worker-7: Download sources and javadoc] INFO  o.e.m.j.internal.DownloadSourcesJob - Downloaded javadoc for io.jsonwebtoken:jjwt-impl:0.11.5
2025-05-10 19:34:59,551 [Worker-7: Download sources and javadoc] INFO  o.e.m.c.i.e.AbstractTransferListenerAdapter - Downloading https://repo.maven.apache.org/maven2/io/jsonwebtoken/jjwt-jackson/0.11.5/jjwt-jackson-0.11.5-javadoc.jar
2025-05-10 19:35:00,889 [Worker-7: Download sources and javadoc] INFO  o.e.m.c.i.e.AbstractTransferListenerAdapter - Downloaded https://repo.maven.apache.org/maven2/io/jsonwebtoken/jjwt-jackson/0.11.5/jjwt-jackson-0.11.5-javadoc.jar
2025-05-10 19:35:00,892 [Worker-7: Download sources and javadoc] INFO  o.e.m.j.internal.DownloadSourcesJob - Downloaded javadoc for io.jsonwebtoken:jjwt-jackson:0.11.5
2025-05-10 19:36:12,730 [Worker-8: Updating Maven Project] INFO  o.e.m.c.i.p.ProjectConfigurationManager - Update started
2025-05-10 19:36:13,030 [Worker-8: Updating Maven Project] INFO  o.e.m.c.i.l.LifecycleMappingFactory - Using org.maven.ide.eclipse.wtp.WarLifecycleMapping lifecycle mapping for MavenProject: klu:jobportal_backend:0.0.1-SNAPSHOT @ C:\Users\ithan\OneDrive\Desktop\event management system\jobportal\backend\jobportal_backend\pom.xml.
2025-05-10 19:36:13,924 [Worker-8: Updating Maven Project] INFO  o.e.m.j.i.AbstractJavaProjectConfigurator - Adding source folder /jobportal_backend/src/main/java
2025-05-10 19:36:13,926 [Worker-8: Updating Maven Project] INFO  o.e.m.j.i.AbstractJavaProjectConfigurator - Adding resource folder /jobportal_backend/src/main/resources
2025-05-10 19:36:13,927 [Worker-8: Updating Maven Project] INFO  o.e.m.j.i.AbstractJavaProjectConfigurator - Adding resource folder /jobportal_backend/src/main/resources
2025-05-10 19:36:13,928 [Worker-8: Updating Maven Project] INFO  o.e.m.j.i.AbstractJavaProjectConfigurator - Adding source folder /jobportal_backend/src/test/java
2025-05-10 19:36:13,929 [Worker-8: Updating Maven Project] INFO  o.e.m.j.i.AbstractJavaProjectConfigurator - Adding resource folder /jobportal_backend/src/test/resources
2025-05-10 19:36:14,531 [Worker-8: Updating Maven Project] INFO  o.e.m.w.i.f.ResourceFilteringBuildParticipant - Cleaning filtered folder for jobportal_backend
2025-05-10 19:36:14,601 [Worker-8: Updating Maven Project] INFO  o.e.m.c.i.p.ProjectConfigurationManager - Update completed for 1 poms: local refresh takes 0.00 sec, refresh facades takes 1.00 sec, update config takes 0.00 sec 
2025-05-10 19:36:14,945 [Worker-6: Building] INFO  o.a.m.s.f.DefaultMavenResourcesFiltering - Copying 1 resource from src\main\resources to target\classes
2025-05-10 19:36:14,953 [Worker-6: Building] INFO  o.a.m.s.f.DefaultMavenResourcesFiltering - Copying 0 resource from src\main\resources to target\classes
2025-05-10 19:36:14,958 [Worker-6: Building] INFO  o.a.m.s.f.DefaultMavenResourcesFiltering - skip non existing resourceDirectory C:\Users\ithan\OneDrive\Desktop\event management system\jobportal\backend\jobportal_backend\src\test\resources
2025-05-10 19:36:14,958 [Worker-6: Building] INFO  o.e.m.w.i.f.ResourceFilteringBuildParticipant - Changed resources require a complete clean of filtered resources of jobportal_backend
2025-05-10 19:36:14,958 [Worker-6: Building] INFO  o.e.m.w.i.f.ResourceFilteringBuildParticipant - Executing resource filtering for jobportal_backend
2025-05-10 19:47:02,117 [Worker-23: Launching jobportal_backend - JobportalBackendApplication] INFO  o.a.m.s.f.DefaultMavenResourcesFiltering - Copying 1 resource from src\main\resources to target\classes
2025-05-10 19:47:02,125 [Worker-23: Launching jobportal_backend - JobportalBackendApplication] INFO  o.a.m.s.f.DefaultMavenResourcesFiltering - Copying 0 resource from src\main\resources to target\classes
2025-05-10 19:47:02,129 [Worker-23: Launching jobportal_backend - JobportalBackendApplication] INFO  o.a.m.s.f.DefaultMavenResourcesFiltering - skip non existing resourceDirectory C:\Users\ithan\OneDrive\Desktop\event management system\jobportal\backend\jobportal_backend\src\test\resources
2025-05-11 00:11:17,189 [Worker-2: Loading available Gradle versions] INFO  o.e.b.c.i.u.g.PublishedGradleVersions - Gradle version information cache is up-to-date. Trying to read.
2025-05-11 00:12:35,018 [Worker-2: Loading available Gradle versions] INFO  o.e.b.c.i.u.g.PublishedGradleVersions - Gradle version information cache is up-to-date. Trying to read.
2025-05-11 00:12:51,152 [Worker-4: Updating Maven Dependencies] INFO  o.e.m.c.i.l.LifecycleMappingFactory - Using org.maven.ide.eclipse.wtp.WarLifecycleMapping lifecycle mapping for MavenProject: klu:jobportal_backend:0.0.1-SNAPSHOT @ C:\Users\ithan\OneDrive\Desktop\event management system\jobportal\backend\jobportal_backend\pom.xml.
2025-05-11 00:12:51,152 [Worker-6: Building] INFO  o.e.m.c.i.l.LifecycleMappingFactory - Using org.maven.ide.eclipse.wtp.WarLifecycleMapping lifecycle mapping for MavenProject: klu:jobportal_backend:0.0.1-SNAPSHOT @ C:\Users\ithan\OneDrive\Desktop\event management system\jobportal\backend\jobportal_backend\pom.xml.
2025-05-11 00:12:59,162 [Worker-6: Building] INFO  o.a.m.s.f.DefaultMavenResourcesFiltering - Copying 1 resource from src\main\resources to target\classes
2025-05-11 00:12:59,181 [Worker-6: Building] INFO  o.a.m.s.f.DefaultMavenResourcesFiltering - Copying 0 resource from src\main\resources to target\classes
2025-05-11 00:12:59,186 [Worker-6: Building] INFO  o.a.m.s.f.DefaultMavenResourcesFiltering - skip non existing resourceDirectory C:\Users\ithan\OneDrive\Desktop\event management system\jobportal\backend\jobportal_backend\src\test\resources
2025-05-11 00:13:00,653 [Worker-4: Updating Maven Dependencies] INFO  o.e.m.c.i.l.LifecycleMappingFactory - Using org.maven.ide.eclipse.wtp.WarLifecycleMapping lifecycle mapping for MavenProject: klu:jobportal_backend:0.0.1-SNAPSHOT @ C:\Users\ithan\OneDrive\Desktop\event management system\jobportal\backend\jobportal_backend\pom.xml.
2025-05-11 01:27:33,325 [Worker-1: Loading available Gradle versions] INFO  o.e.b.c.i.u.g.PublishedGradleVersions - Gradle version information cache is up-to-date. Trying to read.
2025-05-11 01:44:22,034 [Worker-1: Loading available Gradle versions] INFO  o.e.b.c.i.u.g.PublishedGradleVersions - Gradle version information cache is up-to-date. Trying to read.
2025-05-11 05:44:45,107 [Worker-2: Loading available Gradle versions] INFO  o.e.b.c.i.u.g.PublishedGradleVersions - Gradle version information cache is up-to-date. Trying to read.
2025-05-11 16:27:50,004 [Worker-1: Loading available Gradle versions] INFO  o.e.b.c.i.u.g.PublishedGradleVersions - Gradle version information cache is up-to-date. Trying to read.
2025-05-11 16:35:11,706 [Worker-8: Loading available Gradle versions] INFO  o.e.b.c.i.u.g.PublishedGradleVersions - Gradle version information cache is up-to-date. Trying to read.
2025-07-14 15:53:08,280 [Worker-0: Loading available Gradle versions] INFO  o.e.b.c.i.u.g.PublishedGradleVersions - Gradle version information cache is out-of-date. Trying to update.
2025-07-14 15:53:09,810 [Worker-0: Loading available Gradle versions] INFO  o.e.b.c.i.u.g.PublishedGradleVersions - Updating Gradle version information cache failed. Using outdated cache.
2025-07-21 09:50:27,770 [Worker-4: Loading available Gradle versions] INFO  o.e.b.c.i.u.g.PublishedGradleVersions - Gradle version information cache is out-of-date. Trying to update.
2025-07-21 10:56:28,370 [ModalContext] ERROR o.e.m.c.i.p.r.ProjectRegistryReader - Can't write workspace state
java.io.FileNotFoundException: C:\Users\ithan\OneDrive\Desktop\event management system\jobportal\backend\.metadata\.plugins\org.eclipse.m2e.core\workspaceState.ser (The system cannot find the path specified)
	at java.base/java.io.FileOutputStream.open0(Native Method)
	at java.base/java.io.FileOutputStream.open(FileOutputStream.java:289)
	at java.base/java.io.FileOutputStream.<init>(FileOutputStream.java:230)
	at java.base/java.io.FileOutputStream.<init>(FileOutputStream.java:179)
	at org.eclipse.m2e.core.internal.project.registry.ProjectRegistryReader.createObjectOutputStream(ProjectRegistryReader.java:127)
	at org.eclipse.m2e.core.internal.project.registry.ProjectRegistryReader.writeWorkspaceState(ProjectRegistryReader.java:116)
	at org.eclipse.m2e.core.internal.project.registry.ProjectRegistryManager.writeWorkspaceState(ProjectRegistryManager.java:1047)
	at org.eclipse.m2e.core.internal.project.registry.ProjectRegistryManager.saving(ProjectRegistryManager.java:1198)
	at org.eclipse.core.internal.resources.SaveManager.executeLifecycle(SaveManager.java:453)
	at org.eclipse.core.internal.resources.SaveManager$1.run(SaveManager.java:269)
	at org.eclipse.core.runtime.SafeRunner.run(SafeRunner.java:47)
	at org.eclipse.core.internal.resources.SaveManager.broadcastLifecycle(SaveManager.java:272)
	at org.eclipse.core.internal.resources.SaveManager.save(SaveManager.java:1226)
	at org.eclipse.core.internal.resources.Workspace.save(Workspace.java:2498)
	at org.eclipse.ui.internal.ide.application.IDEWorkbenchAdvisor.lambda$1(IDEWorkbenchAdvisor.java:555)
	at org.eclipse.jface.operation.ModalContext$ModalContextThread.run(ModalContext.java:124)
